Length,A,T,C,G,AA,AT,AG,AC,TT,TA,TG,TC,GG,GA,GT,GC,CC,CA,CT,CG,Area,,PNA sequence (N->C)
1,1,0,0,0,0,0,0,0,0,0,0,0,0,0,0,0,0,0,0,0,0.857729908,,A
2,1,1,0,0,0,1,0,0,0,0,0,0,0,0,0,0,0,0,0,0,0.914729744,,TA
3,1,1,1,0,0,1,0,0,0,0,0,1,0,0,0,0,0,0,0,0,0.883176193,,CTA
4,1,1,1,1,0,1,0,0,0,0,0,1,0,0,0,0,0,0,0,1,0.848487582,,GCTA
5,2,1,1,1,0,1,0,0,0,0,0,1,0,1,0,0,0,0,0,1,0.74282171,,AGCTA
6,3,1,1,1,1,1,0,0,0,0,0,1,0,1,0,0,0,0,0,1,0.754534773,,AAGCTA
7,3,2,1,1,1,2,0,0,0,0,0,1,0,1,0,0,0,0,0,1,0.668951257,,TAAGCTA
8,4,2,1,1,1,2,0,0,0,1,0,1,0,1,0,0,0,0,0,1,0.63683521,,ATAAGCTA
9,4,2,1,2,1,2,1,0,0,1,0,1,0,1,0,0,0,0,0,1,0.736067602,,GATAAGCTA
10,4,3,1,2,1,2,1,0,0,1,0,1,0,1,1,0,0,0,0,1,0.610139757,,TGATAAGCTA
11,4,3,2,2,1,2,1,0,0,1,0,2,0,1,1,0,0,0,0,1,0.617664054,,CTGATAAGCTA
12,4,4,2,2,1,2,1,0,0,1,0,2,0,1,1,0,0,0,1,1,0.598204743,,TCTGATAAGCTA
13,4,4,2,3,1,2,1,0,0,1,1,2,0,1,1,0,0,0,1,1,0.613977303,,GTCTGATAAGCTA
14,5,4,2,3,1,2,1,0,0,1,1,2,0,2,1,0,0,0,1,1,0.541327956,,AGTCTGATAAGCTA
15,5,4,3,3,1,2,1,1,0,1,1,2,0,2,1,0,0,0,1,1,0.58033224,,CAGTCTGATAAGCTA
16,5,5,3,3,1,2,1,1,0,1,1,2,0,2,1,0,0,0,2,1,0.506610309,,TCAGTCTGATAAGCTA
17,6,5,3,3,1,2,1,1,0,2,1,2,0,2,1,0,0,0,2,1,0.470147364,,ATCAGTCTGATAAGCTA
18,6,5,4,3,1,2,1,2,0,2,1,2,0,2,1,0,0,0,2,1,0.526490264,,CATCAGTCTGATAAGCTA
1,0,1,0,0,0,0,0,0,0,0,0,0,0,0,0,0,0,0,0,0,0.942623414,,T
2,1,1,0,0,0,0,0,0,0,1,0,0,0,0,0,0,0,0,0,0,0.901925105,,AT
3,1,2,0,0,0,1,0,0,0,1,0,0,0,0,0,0,0,0,0,0,0.960307553,,TAT
4,1,3,0,0,0,1,0,0,1,1,0,0,0,0,0,0,0,0,0,0,0.884358383,,TTAT
5,1,3,1,0,0,1,0,0,1,1,0,1,0,0,0,0,0,0,0,0,0.905725415,,CTTAT
6,1,4,1,0,0,1,0,0,1,1,0,1,0,0,0,0,0,0,1,0,0.838265946,,TCTTAT
7,1,4,1,1,0,1,0,0,1,1,1,1,0,0,0,0,0,0,1,0,0.879465733,,GTCTTAT
8,1,4,2,1,0,1,0,0,1,1,1,1,0,0,0,1,0,0,1,0,0.811146938,,CGTCTTAT
9,1,5,2,1,0,1,0,0,1,1,1,1,0,0,0,1,0,0,2,0,0.733758571,,TCGTCTTAT
10,1,5,3,1,0,1,0,0,1,1,1,2,0,0,0,1,0,0,2,0,0.743733722,,CTCGTCTTAT
11,1,5,3,2,0,1,0,0,1,1,1,2,0,0,0,1,0,0,2,1,0.697072155,,GCTCGTCTTAT
12,1,6,3,2,0,1,0,0,1,1,1,2,0,0,1,1,0,0,2,1,0.613681816,,TGCTCGTCTTAT
13,1,7,3,2,0,1,0,0,2,1,1,2,0,0,1,1,0,0,2,1,0.602641417,,TTGCTCGTCTTAT
14,1,8,3,2,0,1,0,0,3,1,1,2,0,0,1,1,0,0,2,1,0.61797885,,TTTGCTCGTCTTAT
15,1,9,3,2,0,1,0,0,4,1,1,2,0,0,1,1,0,0,2,1,0.567105846,,TTTTGCTCGTCTTAT
16,1,10,3,2,0,1,0,0,5,1,1,2,0,0,1,1,0,0,2,1,0.568527927,,TTTTTGCTCGTCTTAT
17,1,10,4,2,0,1,0,0,5,1,1,3,0,0,1,1,0,0,2,1,0.61434364,,CTTTTTGCTCGTCTTAT
18,1,10,4,3,0,1,0,0,5,1,1,3,0,0,1,1,0,0,2,2,0.570916433,,GCTTTTTGCTCGTCTTAT
1,0,1,0,0,0,0,0,0,0,0,0,0,0,0,0,0,0,0,0,0,0.995779808,,T
2,0,1,0,0,0,0,0,0,0,1,0,0,0,0,0,0,0,0,0,0,0.904027888,,AT
3,1,1,1,0,0,0,1,0,0,1,0,0,0,0,0,0,0,0,0,0,0.893171408,,GAT
4,1,2,1,0,0,0,1,0,0,1,0,0,0,0,1,0,0,0,0,0,0.867684579,,TGAT
5,1,2,1,1,0,0,1,0,0,1,1,0,0,0,1,0,0,0,0,0,0.845838499,,GTGAT
6,1,3,1,1,0,0,1,0,0,1,1,0,0,0,2,0,0,0,0,0,0.793165395,,TGTGAT
7,2,3,1,1,0,0,1,0,0,2,1,0,0,0,2,0,0,0,0,0,0.739105073,,ATGTGAT
8,3,3,1,1,1,0,1,0,0,2,1,0,0,0,2,0,0,0,0,0,0.680436583,,AATGTGAT
9,3,3,2,1,1,0,1,1,0,2,1,0,0,0,2,0,0,0,0,0,0.744730624,,CAATGTGAT
10,3,3,2,2,1,0,1,1,0,2,1,0,0,0,2,0,0,0,0,1,0.675143063,,GCAATGTGAT
11,3,3,2,3,1,0,1,1,0,2,1,0,1,0,2,0,0,0,0,1,0.650067958,,GGCAATGTGAT
12,3,4,2,3,1,0,1,1,0,2,1,0,1,0,3,0,0,0,0,1,0.565593842,,TGGCAATGTGAT
13,3,4,3,3,1,0,1,1,0,2,1,1,1,0,3,0,0,0,0,1,0.624745965,,CTGGCAATGTGAT
14,3,4,4,3,1,0,1,1,0,2,1,1,1,0,3,0,1,0,0,1,0.616600577,,CCTGGCAATGTGAT
15,3,4,5,3,1,0,1,1,0,2,1,1,1,0,3,0,2,0,0,1,0.61818186,,CCCTGGCAATGTGAT
16,3,5,5,3,1,0,1,1,0,2,1,1,1,0,3,0,2,0,1,1,0.496814423,,TCCCTGGCAATGTGAT
17,4,5,5,3,1,0,1,1,0,3,1,1,1,0,3,0,2,0,1,1,0.491515564,,ATCCCTGGCAATGTGAT
18,5,5,5,3,2,0,1,1,0,3,1,1,1,0,3,0,2,0,1,1,0.461750343,,AATCCCTGGCAATGTGAT
1,1,0,0,0,0,0,0,0,0,0,0,0,0,0,0,0,0,0,0,0,0.911724628,,A
2,1,0,1,0,0,0,0,1,0,0,0,0,0,0,0,0,0,0,0,0,0.876219176,,CA
3,1,0,2,0,0,0,0,1,0,0,0,0,0,0,0,0,1,0,0,0,0.893169688,,CCA
4,1,0,2,1,0,0,0,1,0,0,0,0,0,0,0,0,1,0,0,1,0.876133623,,GCCA
5,1,1,2,1,0,0,0,1,0,0,0,0,0,0,1,0,1,0,0,1,0.774658654,,TGCCA
6,1,1,3,1,0,0,0,1,0,0,0,1,0,0,1,0,1,0,0,1,0.801489405,,CTGCCA
7,2,1,3,1,0,0,0,1,0,0,0,1,0,0,1,0,1,1,0,1,0.703548925,,ACTGCCA
8,2,1,4,1,0,0,0,2,0,0,0,1,0,0,1,0,1,1,0,1,0.681486185,,CACTGCCA
9,3,1,4,1,0,0,0,2,0,0,0,1,0,0,1,0,1,2,0,1,0.606637036,,ACACTGCCA
10,3,1,4,2,0,0,1,2,0,0,0,1,0,0,1,0,1,2,0,1,0.646847478,,GACACTGCCA
11,4,1,4,2,0,0,1,2,0,0,0,1,0,1,1,0,1,2,0,1,0.562533147,,AGACACTGCCA
12,5,1,4,2,1,0,1,2,0,0,0,1,0,1,1,0,1,2,0,1,0.551947167,,AAGACACTGCCA
13,5,2,4,2,1,1,1,2,0,0,0,1,0,1,1,0,1,2,0,1,0.541339947,,TAAGACACTGCCA
14,5,2,5,2,1,1,1,2,0,0,0,2,0,1,1,0,1,2,0,1,0.596526167,,CTAAGACACTGCCA
15,5,2,5,3,1,1,1,2,0,0,0,2,0,1,1,0,1,2,0,2,0.628110419,,GCTAAGACACTGCCA
16,6,2,5,3,1,1,1,2,0,0,0,2,0,2,1,0,1,2,0,2,0.631554984,,AGCTAAGACACTGCCA
17,6,2,6,3,1,1,1,3,0,0,0,2,0,2,1,0,1,2,0,2,0.641687374,,CAGCTAAGACACTGCCA
18,6,2,7,3,1,1,1,3,0,0,0,2,0,2,1,0,2,2,0,2,0.753353032,,CCAGCTAAGACACTGCCA
1,1,0,0,0,0,0,0,0,0,0,0,0,0,0,0,0,0,0,0,0,0.929442148,,A
2,2,0,0,0,1,0,0,0,0,0,0,0,0,0,0,0,0,0,0,0,0.878807495,,AA
3,2,1,0,0,1,1,0,0,0,0,0,0,0,0,0,0,0,0,0,0,0.85198461,,TAA
4,2,2,0,0,1,1,0,0,1,0,0,0,0,0,0,0,0,0,0,0,0.889922698,,TTAA
5,3,2,0,0,1,1,0,0,1,1,0,0,0,0,0,0,0,0,0,0,0.80358024,,ATTAA
6,3,2,1,0,1,1,0,1,1,1,0,0,0,0,0,0,0,0,0,0,0.849820423,,CATTAA
7,3,2,1,1,1,1,0,1,1,1,0,0,0,0,0,0,0,0,0,1,0.800607791,,GCATTAA
8,4,2,1,1,1,1,0,1,1,1,0,0,0,1,0,0,0,0,0,1,0.748753331,,AGCATTAA
9,4,3,1,1,1,2,0,1,1,1,0,0,0,1,0,0,0,0,0,1,0.705009959,,TAGCATTAA
10,4,4,1,1,1,2,0,1,2,1,0,0,0,1,0,0,0,0,0,1,0.688839196,,TTAGCATTAA
11,5,4,1,1,1,2,0,1,2,2,0,0,0,1,0,0,0,0,0,1,0.640816976,,ATTAGCATTAA
12,5,4,1,2,1,2,1,1,2,2,0,0,0,1,0,0,0,0,0,1,0.698047046,,GATTAGCATTAA
13,5,4,2,2,1,2,1,1,2,2,0,0,0,1,0,1,0,0,0,1,0.670995434,,CGATTAGCATTAA
14,6,4,2,2,1,2,1,1,2,2,0,0,0,1,0,1,0,1,0,1,0.562820385,,ACGATTAGCATTAA
15,6,4,3,2,1,2,1,2,2,2,0,0,0,1,0,1,0,1,0,1,0.635229686,,CACGATTAGCATTAA
16,6,5,3,2,1,2,1,2,2,2,0,0,0,1,0,1,0,1,1,1,0.513850965,,TCACGATTAGCATTAA
17,7,5,3,2,1,2,1,2,2,3,0,0,0,1,0,1,0,1,1,1,0.523526223,,ATCACGATTAGCATTAA
18,7,6,3,2,1,3,1,2,2,3,0,0,0,1,0,1,0,1,1,1,0.487822527,,TATCACGATTAGCATTAA
1,1,0,0,0,0,0,0,0,0,0,0,0,0,0,0,0,0,0,0,0,0.920487567,,A
2,1,1,0,0,0,1,0,0,0,0,0,0,0,0,0,0,0,0,0,0,0.916937455,,TA
3,1,1,1,0,0,1,0,0,0,0,0,1,0,0,0,0,0,0,0,0,0.959861907,,CTA
4,1,1,1,1,0,1,0,0,0,0,0,1,0,0,0,0,0,0,0,1,0.903968697,,GCTA
5,2,1,1,1,0,1,0,0,0,0,0,1,0,1,0,0,0,0,0,1,0.798636484,,AGCTA
6,3,1,1,1,1,1,0,0,0,0,0,1,0,1,0,0,0,0,0,1,0.741163057,,AAGCTA
7,3,2,1,1,1,2,0,0,0,0,0,1,0,1,0,0,0,0,0,1,0.744299761,,TAAGCTA
8,4,2,1,1,1,2,0,0,0,1,0,1,0,1,0,0,0,0,0,1,0.673255173,,ATAAGCTA
9,4,2,1,2,1,2,1,0,0,1,0,1,0,1,0,0,0,0,0,1,0.749403082,,GATAAGCTA
10,4,3,1,2,1,2,1,0,0,1,0,1,0,1,1,0,0,0,0,1,0.639629034,,TGATAAGCTA
11,4,3,2,2,1,2,1,0,0,1,0,2,0,1,1,0,0,0,0,1,0.717621061,,CTGATAAGCTA
12,4,4,2,2,1,2,1,0,0,1,0,2,0,1,1,0,0,0,1,1,0.622653711,,TCTGATAAGCTA
13,4,4,2,3,1,2,1,0,0,1,1,2,0,1,1,0,0,0,1,1,0.667319139,,GTCTGATAAGCTA
14,5,4,2,3,1,2,1,0,0,1,1,2,0,2,1,0,0,0,1,1,0.53415119,,AGTCTGATAAGCTA
15,5,4,3,3,1,2,1,1,0,1,1,2,0,2,1,0,0,0,1,1,0.612821254,,CAGTCTGATAAGCTA
16,5,5,3,3,1,2,1,1,0,1,1,2,0,2,1,0,0,0,2,1,0.520730226,,TCAGTCTGATAAGCTA
17,6,5,3,3,1,2,1,1,0,2,1,2,0,2,1,0,0,0,2,1,0.480402614,,ATCAGTCTGATAAGCTA
18,6,5,4,3,1,2,1,2,0,2,1,2,0,2,1,0,0,0,2,1,0.558729596,,CATCAGTCTGATAAGCTA
1,1,0,0,0,0,0,0,0,0,0,0,0,0,0,0,0,0,0,0,0,0.90754559,,A
2,1,0,1,0,0,0,0,1,0,0,0,0,0,0,0,0,0,0,0,0,0.948883821,,CA
3,2,0,1,0,0,0,0,1,0,0,0,0,0,0,0,0,0,1,0,0,0.807579284,,ACA
4,3,0,1,0,1,0,0,1,0,0,0,0,0,0,0,0,0,1,0,0,0.78302901,,AACA
5,3,0,1,1,1,0,1,1,0,0,0,0,0,0,0,0,0,1,0,0,0.903313678,,GAACA
6,4,0,1,1,1,0,1,1,0,0,0,0,0,1,0,0,0,1,0,0,0.723703064,,AGAACA
7,4,0,1,2,1,0,2,1,0,0,0,0,0,1,0,0,0,1,0,0,0.859139262,,GAGAACA
8,5,0,1,2,1,0,2,1,0,0,0,0,0,2,0,0,0,1,0,0,0.654752532,,AGAGAACA
9,5,1,1,2,1,1,2,1,0,0,0,0,0,2,0,0,0,1,0,0,0.624887063,,TAGAGAACA
10,5,2,1,2,1,1,2,1,1,0,0,0,0,2,0,0,0,1,0,0,0.638333684,,TTAGAGAACA
11,5,3,1,2,1,1,2,1,2,0,0,0,0,2,0,0,0,1,0,0,0.645228429,,TTTAGAGAACA
12,5,3,1,3,1,1,2,1,2,0,1,0,0,2,0,0,0,1,0,0,0.754841065,,GTTTAGAGAACA
13,5,3,2,3,1,1,2,1,2,0,1,0,0,2,0,1,0,1,0,0,0.675429246,,CGTTTAGAGAACA
14,5,4,2,3,1,1,2,1,2,0,1,0,0,2,0,1,0,1,1,0,0.620955515,,TCGTTTAGAGAACA
15,5,5,2,3,1,1,2,1,3,0,1,0,0,2,0,1,0,1,1,0,0.58638914,,TTCGTTTAGAGAACA
16,5,5,2,4,1,1,2,1,3,0,2,0,0,2,0,1,0,1,1,0,0.715819182,,GTTCGTTTAGAGAACA
17,6,5,2,4,1,1,2,1,3,0,2,0,0,3,0,1,0,1,1,0,0.544857804,,AGTTCGTTTAGAGAACA
18,7,5,2,4,2,1,2,1,3,0,2,0,0,3,0,1,0,1,1,0,0.499564139,,AAGTTCGTTTAGAGAACA
1,0,1,0,0,0,0,0,0,0,0,0,0,0,0,0,0,0,0,0,0,0.980298447,,T
2,0,1,1,0,0,0,0,0,0,0,0,1,0,0,0,0,0,0,0,0,1.097721755,,CT
3,0,1,2,0,0,0,0,0,0,0,0,1,0,0,0,0,1,0,0,0,1.055826218,,CCT
4,1,1,2,0,0,0,0,0,0,0,0,1,0,0,0,0,1,1,0,0,0.916020479,,ACCT
5,1,2,2,0,0,1,0,0,0,0,0,1,0,0,0,0,1,1,0,0,0.910118237,,TACCT
6,1,3,2,0,0,1,0,0,1,0,0,1,0,0,0,0,1,1,0,0,0.91555663,,TTACCT
7,1,3,2,1,0,1,0,0,1,0,1,1,0,0,0,0,1,1,0,0,1.034033524,,GTTACCT
8,1,4,2,1,0,1,0,0,1,0,1,1,0,0,1,0,1,1,0,0,0.86629081,,TGTTACCT
9,1,5,2,1,0,1,0,0,2,0,1,1,0,0,1,0,1,1,0,0,0.858044262,,TTGTTACCT
10,1,6,2,1,0,1,0,0,3,0,1,1,0,0,1,0,1,1,0,0,0.836008135,,TTTGTTACCT
11,1,6,2,2,0,1,0,0,3,0,2,1,0,0,1,0,1,1,0,0,0.901307401,,GTTTGTTACCT
12,1,6,2,3,0,1,0,0,3,0,2,1,1,0,1,0,1,1,0,0,0.851479786,,GGTTTGTTACCT
13,1,7,2,3,0,1,0,0,3,0,2,1,1,0,2,0,1,1,0,0,0.767401812,,TGGTTTGTTACCT
14,1,8,2,3,0,1,0,0,4,0,2,1,1,0,2,0,1,1,0,0,0.757021333,,TTGGTTTGTTACCT
15,1,8,2,4,0,1,0,0,4,0,3,1,1,0,2,0,1,1,0,0,0.802005034,,GTTGGTTTGTTACCT
16,1,8,2,5,0,1,0,0,4,0,3,1,2,0,2,0,1,1,0,0,0.764918063,,GGTTGGTTTGTTACCT
17,1,9,2,5,0,1,0,0,4,0,3,1,2,0,3,0,1,1,0,0,0.674639032,,TGGTTGGTTTGTTACCT
18,1,10,2,5,0,1,0,0,5,0,3,1,2,0,3,0,1,1,0,0,0.658557282,,TTGGTTGGTTTGTTACCT
1,0,0,1,0,0,0,0,0,0,0,0,0,0,0,0,0,0,0,0,0,0.966420464,,C
2,0,1,1,0,0,0,0,0,0,0,0,0,0,0,0,0,0,0,1,0,0.946159515,,TC
3,0,1,1,1,0,0,0,0,0,0,1,0,0,0,0,0,0,0,1,0,0.965160214,,GTC
4,0,2,1,1,0,0,0,0,0,0,1,0,0,0,1,0,0,0,1,0,0.897702328,,TGTC
5,0,2,2,1,0,0,0,0,0,0,1,1,0,0,1,0,0,0,1,0,0.827341453,,CTGTC
6,0,2,3,1,0,0,0,0,0,0,1,1,0,0,1,0,1,0,1,0,0.829649307,,CCTGTC
7,0,3,3,1,0,0,0,0,0,0,1,1,0,0,1,0,1,0,2,0,0.817678542,,TCCTGTC
8,0,3,3,2,0,0,0,0,0,0,2,1,0,0,1,0,1,0,2,0,0.848998715,,GTCCTGTC
9,0,4,3,2,0,0,0,0,0,0,2,1,0,0,2,0,1,0,2,0,0.752942549,,TGTCCTGTC
10,0,4,3,3,0,0,0,0,0,0,3,1,0,0,2,0,1,0,2,0,0.771813696,,GTGTCCTGTC
11,0,4,4,3,0,0,0,0,0,0,3,1,0,0,2,1,1,0,2,0,0.724288252,,CGTGTCCTGTC
12,0,5,4,3,0,0,0,0,0,0,3,1,0,0,2,1,1,0,3,0,0.667585018,,TCGTGTCCTGTC
13,0,5,5,3,0,0,0,0,0,0,3,2,0,0,2,1,1,0,3,0,0.688525405,,CTCGTGTCCTGTC
14,1,5,5,3,0,0,0,0,0,0,3,2,0,0,2,1,1,1,3,0,0.623087528,,ACTCGTGTCCTGTC
15,1,6,5,3,0,1,0,0,0,0,3,2,0,0,2,1,1,1,3,0,0.603692298,,TACTCGTGTCCTGTC
16,1,7,5,3,0,1,0,0,1,0,3,2,0,0,2,1,1,1,3,0,0.608616638,,TTACTCGTGTCCTGTC
17,1,7,5,4,0,1,0,0,1,0,4,2,0,0,2,1,1,1,3,0,0.660656887,,GTTACTCGTGTCCTGTC
18,2,7,5,4,0,1,0,0,1,0,4,2,0,1,2,1,1,1,3,0,0.575374039,,AGTTACTCGTGTCCTGTC
1,0,0,1,0,0,0,0,0,0,0,0,0,0,0,0,0,0,0,0,0,0.96043891,,C
2,1,0,1,0,0,0,0,0,0,0,0,0,0,0,0,0,0,1,0,0,0.908078673,,AC
3,1,0,2,0,0,0,0,1,0,0,0,0,0,0,0,0,0,1,0,0,0.902690357,,CAC
4,2,0,2,0,0,0,0,1,0,0,0,0,0,0,0,0,0,2,0,0,0.830487585,,ACAC
5,2,0,3,0,0,0,0,2,0,0,0,0,0,0,0,0,0,2,0,0,0.859579283,,CACAC
6,2,1,3,0,0,0,0,2,0,0,0,0,0,0,0,0,0,2,1,0,0.838792951,,TCACAC
7,2,1,3,1,0,0,0,2,0,0,1,0,0,0,0,0,0,2,1,0,0.854948487,,GTCACAC
8,2,1,3,2,0,0,0,2,0,0,1,0,1,0,0,0,0,2,1,0,0.829091194,,GGTCACAC
9,2,1,4,2,0,0,0,2,0,0,1,0,1,0,0,1,0,2,1,0,0.753470348,,CGGTCACAC
10,2,2,4,2,0,0,0,2,0,0,1,0,1,0,0,1,0,2,2,0,0.683951436,,TCGGTCACAC
11,2,3,4,2,0,0,0,2,1,0,1,0,1,0,0,1,0,2,2,0,0.701930028,,TTCGGTCACAC
12,2,4,4,2,0,0,0,2,2,0,1,0,1,0,0,1,0,2,2,0,0.677181711,,TTTCGGTCACAC
13,2,4,5,2,0,0,0,2,2,0,1,1,1,0,0,1,0,2,2,0,0.699169632,,CTTTCGGTCACAC
14,2,4,6,2,0,0,0,2,2,0,1,1,1,0,0,1,1,2,2,0,0.709157837,,CCTTTCGGTCACAC
15,3,4,6,2,0,0,0,2,2,0,1,1,1,0,0,1,1,3,2,0,0.639540735,,ACCTTTCGGTCACAC
16,3,5,6,2,0,1,0,2,2,0,1,1,1,0,0,1,1,3,2,0,0.609789659,,TACCTTTCGGTCACAC
17,3,6,6,2,0,1,0,2,3,0,1,1,1,0,0,1,1,3,2,0,0.583690102,,TTACCTTTCGGTCACAC
18,3,6,7,2,0,1,0,2,3,0,1,2,1,0,0,1,1,3,2,0,0.624463348,,CTTACCTTTCGGTCACAC
1,1,0,0,0,0,0,0,0,0,0,0,0,0,0,0,0,0,0,0,0,0.911602185,,A
2,1,0,0,1,0,0,1,0,0,0,0,0,0,0,0,0,0,0,0,0,0.915586152,,GA
3,2,0,0,1,0,0,1,0,0,0,0,0,0,1,0,0,0,0,0,0,0.840166957,,AGA
4,2,1,0,1,0,1,1,0,0,0,0,0,0,1,0,0,0,0,0,0,0.820093099,,TAGA
5,2,2,0,1,0,1,1,0,1,0,0,0,0,1,0,0,0,0,0,0,0.813846955,,TTAGA
6,2,3,0,1,0,1,1,0,2,0,0,0,0,1,0,0,0,0,0,0,0.794980937,,TTTAGA
7,2,3,0,2,0,1,1,0,2,0,1,0,0,1,0,0,0,0,0,0,0.852384468,,GTTTAGA
8,2,3,1,2,0,1,1,0,2,0,1,0,0,1,0,1,0,0,0,0,0.807776977,,CGTTTAGA
9,2,4,1,2,0,1,1,0,2,0,1,0,0,1,0,1,0,0,1,0,0.745099509,,TCGTTTAGA
10,2,5,1,2,0,1,1,0,3,0,1,0,0,1,0,1,0,0,1,0,0.705907208,,TTCGTTTAGA
11,2,5,1,3,0,1,1,0,3,0,2,0,0,1,0,1,0,0,1,0,0.771535555,,GTTCGTTTAGA
12,3,5,1,3,0,1,1,0,3,0,2,0,0,2,0,1,0,0,1,0,0.663819931,,AGTTCGTTTAGA
13,4,5,1,3,1,1,1,0,3,0,2,0,0,2,0,1,0,0,1,0,0.613445946,,AAGTTCGTTTAGA
14,5,5,1,3,2,1,1,0,3,0,2,0,0,2,0,1,0,0,1,0,0.570600668,,AAAGTTCGTTTAGA
15,5,6,1,3,2,2,1,0,3,0,2,0,0,2,0,1,0,0,1,0,0.559715184,,TAAAGTTCGTTTAGA
16,5,7,1,3,2,2,1,0,4,0,2,0,0,2,0,1,0,0,1,0,0.55454261,,TTAAAGTTCGTTTAGA
17,5,8,1,3,2,2,1,0,5,0,2,0,0,2,0,1,0,0,1,0,0.562819777,,TTTAAAGTTCGTTTAGA
18,5,9,1,3,2,2,1,0,6,0,2,0,0,2,0,1,0,0,1,0,0.543546845,,TTTTAAAGTTCGTTTAGA
1,0,1,0,0,0,0,0,0,0,0,0,0,0,0,0,0,0,0,0,0,1.01613567,,T
2,0,2,0,0,0,0,0,0,1,0,0,0,0,0,0,0,0,0,0,0,0.981491791,,TT
3,0,3,0,0,0,0,0,0,2,0,0,0,0,0,0,0,0,0,0,0,1.01723222,,TTT
4,0,3,0,1,0,0,0,0,2,0,1,0,0,0,0,0,0,0,0,0,0.987757906,,GTTT
5,0,3,1,1,0,0,0,0,2,0,1,0,0,0,0,1,0,0,0,0,0.917112058,,CGTTT
6,0,4,1,1,0,0,0,0,2,0,1,0,0,0,0,1,0,0,1,0,0.838010443,,TCGTTT
7,0,5,1,1,0,0,0,0,3,0,1,0,0,0,0,1,0,0,1,0,0.861827513,,TTCGTTT
8,0,5,1,2,0,0,0,0,3,0,2,0,0,0,0,1,0,0,1,0,0.898219717,,GTTCGTTT
9,1,5,1,2,0,0,0,0,3,0,2,0,0,1,0,1,0,0,1,0,0.794369535,,AGTTCGTTT
10,2,5,1,2,1,0,0,0,3,0,2,0,0,1,0,1,0,0,1,0,0.700986972,,AAGTTCGTTT
11,3,5,1,2,2,0,0,0,3,0,2,0,0,1,0,1,0,0,1,0,0.678211258,,AAAGTTCGTTT
12,3,6,1,2,2,1,0,0,3,0,2,0,0,1,0,1,0,0,1,0,0.697759303,,TAAAGTTCGTTT
13,3,7,1,2,2,1,0,0,4,0,2,0,0,1,0,1,0,0,1,0,0.665818902,,TTAAAGTTCGTTT
14,3,8,1,2,2,1,0,0,5,0,2,0,0,1,0,1,0,0,1,0,0.672256832,,TTTAAAGTTCGTTT
15,3,9,1,2,2,1,0,0,6,0,2,0,0,1,0,1,0,0,1,0,0.679891565,,TTTTAAAGTTCGTTT
16,4,9,1,2,2,1,0,0,6,1,2,0,0,1,0,1,0,0,1,0,0.649044762,,ATTTTAAAGTTCGTTT
17,4,9,1,3,2,1,1,0,6,1,2,0,0,1,0,1,0,0,1,0,0.689989318,,GATTTTAAAGTTCGTTT
18,5,9,1,3,2,1,1,0,6,1,2,0,0,2,0,1,0,0,1,0,0.614681709,,AGATTTTAAAGTTCGTTT
1,0,0,1,0,0,0,0,0,0,0,0,0,0,0,0,0,0,0,0,0,0.944684603,,C
2,0,1,1,0,0,0,0,0,0,0,0,0,0,0,0,0,0,0,1,0,0.918337315,,TC
3,0,2,1,0,0,0,0,0,1,0,0,0,0,0,0,0,0,0,1,0,0.88771733,,TTC
4,0,3,1,0,0,0,0,0,2,0,0,0,0,0,0,0,0,0,1,0,0.871044525,,TTTC
5,0,3,2,0,0,0,0,0,2,0,0,1,0,0,0,0,0,0,1,0,0.857821544,,CTTTC
6,0,3,3,0,0,0,0,0,2,0,0,1,0,0,0,0,1,0,1,0,0.893074911,,CCTTTC
7,1,3,3,0,0,0,0,0,2,0,0,1,0,0,0,0,1,1,1,0,0.8003108,,ACCTTTC
8,1,4,3,0,0,1,0,0,2,0,0,1,0,0,0,0,1,1,1,0,0.790387708,,TACCTTTC
9,1,5,3,0,0,1,0,0,3,0,0,1,0,0,0,0,1,1,1,0,0.725361886,,TTACCTTTC
10,1,5,4,0,0,1,0,0,3,0,0,2,0,0,0,0,1,1,1,0,0.771721838,,CTTACCTTTC
11,1,6,4,0,0,1,0,0,3,0,0,2,0,0,0,0,1,1,2,0,0.725698188,,TCTTACCTTTC
12,2,6,4,0,0,1,0,0,3,1,0,2,0,0,0,0,1,1,2,0,0.689596048,,ATCTTACCTTTC
13,2,6,5,0,0,1,0,1,3,1,0,2,0,0,0,0,1,1,2,0,0.65648675,,CATCTTACCTTTC
14,2,6,6,0,0,1,0,1,3,1,0,2,0,0,0,0,2,1,2,0,0.666003879,,CCATCTTACCTTTC
15,2,7,6,0,0,1,0,1,3,1,0,2,0,0,0,0,2,1,3,0,0.606765638,,TCCATCTTACCTTTC
16,2,7,7,0,0,1,0,1,3,1,0,3,0,0,0,0,2,1,3,0,0.62945195,,CTCCATCTTACCTTTC
17,2,8,7,0,0,1,0,1,3,1,0,3,0,0,0,0,2,1,4,0,0.589838736,,TCTCCATCTTACCTTTC
18,2,8,8,0,0,1,0,1,3,1,0,4,0,0,0,0,2,1,4,0,0.613125222,,CTCTCCATCTTACCTTTC
1,1,0,0,0,0,0,0,0,0,0,0,0,0,0,0,0,0,0,0,0,0.993010535,,A
2,1,1,0,0,0,1,0,0,0,0,0,0,0,0,0,0,0,0,0,0,0.913419979,,TA
3,1,1,1,0,0,1,0,0,0,0,0,1,0,0,0,0,0,0,0,0,0.884023516,,CTA
4,1,1,1,1,0,1,0,0,0,0,0,1,0,0,0,0,0,0,0,1,0.884432117,,GCTA
5,2,1,1,1,0,1,0,0,0,0,0,1,0,1,0,0,0,0,0,1,0.88442201,,AGCTA
6,3,1,1,1,1,1,0,0,0,0,0,1,0,1,0,0,0,0,0,1,0.792192362,,AAGCTA
7,3,2,1,1,1,2,0,0,0,0,0,1,0,1,0,0,0,0,0,1,0.750643361,,TAAGCTA
8,4,2,1,1,1,2,0,0,0,1,0,1,0,1,0,0,0,0,0,1,0.744669735,,ATAAGCTA
9,4,2,1,2,1,2,1,0,0,1,0,1,0,1,0,0,0,0,0,1,0.730266708,,GATAAGCTA
10,4,3,1,2,1,2,1,0,0,1,0,1,0,1,1,0,0,0,0,1,0.735444929,,TGATAAGCTA
11,4,3,2,2,1,2,1,0,0,1,0,2,0,1,1,0,0,0,0,1,0.70948171,,CTGATAAGCTA
12,4,4,2,2,1,2,1,0,0,1,0,2,0,1,1,0,0,0,1,1,0.675762733,,TCTGATAAGCTA
13,4,4,2,3,1,2,1,0,0,1,1,2,0,1,1,0,0,0,1,1,0.623598677,,GTCTGATAAGCTA
14,5,4,2,3,1,2,1,0,0,1,1,2,0,2,1,0,0,0,1,1,0.611489448,,AGTCTGATAAGCTA
15,5,4,3,3,1,2,1,1,0,1,1,2,0,2,1,0,0,0,1,1,0.595734638,,CAGTCTGATAAGCTA
16,5,5,3,3,1,2,1,1,0,1,1,2,0,2,1,0,0,0,2,1,0.557639223,,TCAGTCTGATAAGCTA
17,6,5,3,3,1,2,1,1,0,2,1,2,0,2,1,0,0,0,2,1,0.599558331,,ATCAGTCTGATAAGCTA
18,6,5,4,3,1,2,1,2,0,2,1,2,0,2,1,0,0,0,2,1,0.664135606,,CATCAGTCTGATAAGCTA
1,0,0,0,1,0,0,0,0,0,0,0,0,0,0,0,0,0,0,0,0,0.959576367,,G
2,1,0,0,1,0,0,0,0,0,0,0,0,0,1,0,0,0,0,0,0,0.813619239,,AG
3,1,0,1,1,0,0,0,1,0,0,0,0,0,1,0,0,0,0,0,0,0.912368626,,CAG
4,1,0,2,1,0,0,0,1,0,0,0,0,0,1,0,0,1,0,0,0,0.855241792,,CCAG
5,1,0,3,1,0,0,0,1,0,0,0,0,0,1,0,0,2,0,0,0,0.837364117,,CCCAG
6,2,0,3,1,0,0,0,1,0,0,0,0,0,1,0,0,2,1,0,0,0.728798949,,ACCCAG
7,3,0,3,1,1,0,0,1,0,0,0,0,0,1,0,0,2,1,0,0,0.650142586,,AACCCAG
8,3,1,3,1,1,1,0,1,0,0,0,0,0,1,0,0,2,1,0,0,0.66830388,,TAACCCAG
9,3,2,3,1,1,1,0,1,1,0,0,0,0,1,0,0,2,1,0,0,0.659888161,,TTAACCCAG
10,3,2,4,1,1,1,0,1,1,0,0,1,0,1,0,0,2,1,0,0,0.689254911,,CTTAACCCAG
11,3,2,5,1,1,1,0,1,1,0,0,1,0,1,0,0,3,1,0,0,0.706641772,,CCTTAACCCAG
12,4,2,5,1,1,1,0,1,1,0,0,1,0,1,0,0,3,2,0,0,0.622926869,,ACCTTAACCCAG
13,4,3,5,1,1,2,0,1,1,0,0,1,0,1,0,0,3,2,0,0,0.582355337,,TACCTTAACCCAG
14,4,4,5,1,1,2,0,1,2,0,0,1,0,1,0,0,3,2,0,0,0.587985266,,TTACCTTAACCCAG
15,5,4,5,1,1,2,0,1,2,1,0,1,0,1,0,0,3,2,0,0,0.576165027,,ATTACCTTAACCCAG
16,5,5,5,1,1,3,0,1,2,1,0,1,0,1,0,0,3,2,0,0,0.544653419,,TATTACCTTAACCCAG
17,5,5,6,1,1,3,0,1,2,1,0,2,0,1,0,0,3,2,0,0,0.619799691,,CTATTACCTTAACCCAG
18,5,5,6,2,1,3,0,1,2,1,0,2,0,1,0,0,3,2,0,1,0.638251256,,GCTATTACCTTAACCCAG
1,0,0,0,1,0,0,0,0,0,0,0,0,0,0,0,0,0,0,0,0,1.089675545,,G
2,1,0,0,1,0,0,0,0,0,0,0,0,0,1,0,0,0,0,0,0,0.970947111,,AG
3,1,0,1,1,0,0,0,1,0,0,0,0,0,1,0,0,0,0,0,0,0.987569039,,CAG
4,1,0,2,1,0,0,0,1,0,0,0,0,0,1,0,0,1,0,0,0,0.926151709,,CCAG
5,1,0,3,1,0,0,0,1,0,0,0,0,0,1,0,0,2,0,0,0,0.960418297,,CCCAG
6,2,0,3,1,0,0,0,1,0,0,0,0,0,1,0,0,2,1,0,0,0.843169731,,ACCCAG
7,3,0,3,1,1,0,0,1,0,0,0,0,0,1,0,0,2,1,0,0,0.784855017,,AACCCAG
8,3,1,3,1,1,1,0,1,0,0,0,0,0,1,0,0,2,1,0,0,0.742988447,,TAACCCAG
9,3,2,3,1,1,1,0,1,1,0,0,0,0,1,0,0,2,1,0,0,0.761907364,,TTAACCCAG
10,3,2,4,1,1,1,0,1,1,0,0,1,0,1,0,0,2,1,0,0,0.850858363,,CTTAACCCAG
11,3,2,5,1,1,1,0,1,1,0,0,1,0,1,0,0,3,1,0,0,0.829936641,,CCTTAACCCAG
12,4,2,5,1,1,1,0,1,1,0,0,1,0,1,0,0,3,2,0,0,0.711505564,,ACCTTAACCCAG
13,4,3,5,1,1,2,0,1,1,0,0,1,0,1,0,0,3,2,0,0,0.67809152,,TACCTTAACCCAG
14,4,4,5,1,1,2,0,1,2,0,0,1,0,1,0,0,3,2,0,0,0.691028784,,TTACCTTAACCCAG
15,5,4,5,1,1,2,0,1,2,1,0,1,0,1,0,0,3,2,0,0,0.658531076,,ATTACCTTAACCCAG
16,5,5,5,1,1,3,0,1,2,1,0,1,0,1,0,0,3,2,0,0,0.642245408,,TATTACCTTAACCCAG
17,5,5,6,1,1,3,0,1,2,1,0,2,0,1,0,0,3,2,0,0,0.720111679,,CTATTACCTTAACCCAG
18,5,5,6,2,1,3,0,1,2,1,0,2,0,1,0,0,3,2,0,1,0.739366073,,GCTATTACCTTAACCCAG
1,0,1,0,0,0,0,0,0,0,0,0,0,0,0,0,0,0,0,0,0,0.97466504,,T
2,0,1,0,1,0,0,0,0,0,0,1,0,0,0,0,0,0,0,0,0,1.021105219,,GT
3,0,1,1,1,0,0,0,0,0,0,1,0,0,0,0,1,0,0,0,0,1.00334942,,CGT
4,1,1,1,1,0,0,0,0,0,0,1,0,0,0,0,1,0,1,0,0,0.888195456,,ACGT
5,1,2,1,1,0,1,0,0,0,0,1,0,0,0,0,1,0,1,0,0,0.874850463,,TACGT
6,1,2,1,2,0,1,0,0,0,0,2,0,0,0,0,1,0,1,0,0,0.932643358,,GTACGT
7,1,2,2,2,0,1,0,0,0,0,2,0,0,0,0,2,0,1,0,0,0.956165295,,CGTACGT
8,2,2,2,2,0,1,0,0,0,0,2,0,0,0,0,2,0,2,0,0,0.794396633,,ACGTACGT
9,2,3,2,2,0,2,0,0,0,0,2,0,0,0,0,2,0,2,0,0,0.779553702,,TACGTACGT
10,3,3,2,2,0,2,0,0,0,1,2,0,0,0,0,2,0,2,0,0,0.770689373,,ATACGTACGT
11,3,3,3,2,0,2,0,1,0,1,2,0,0,0,0,2,0,2,0,0,0.829086945,,CATACGTACGT
12,4,3,3,2,0,2,0,1,0,1,2,0,0,0,0,2,0,3,0,0,0.716690395,,ACATACGTACGT
13,4,4,3,2,0,3,0,1,0,1,2,0,0,0,0,2,0,3,0,0,0.716189039,,TACATACGTACGT
14,5,4,3,2,0,3,0,1,0,2,2,0,0,0,0,2,0,3,0,0,0.684225576,,ATACATACGTACGT
15,5,4,4,2,0,3,0,2,0,2,2,0,0,0,0,2,0,3,0,0,0.739835622,,CATACATACGTACGT
16,5,5,4,2,0,3,0,2,0,2,2,0,0,0,0,2,0,3,1,0,0.640925063,,TCATACATACGTACGT
17,5,5,5,2,0,3,0,2,0,2,2,1,0,0,0,2,0,3,1,0,0.727074712,,CTCATACATACGTACGT
18,5,5,6,2,0,3,0,2,0,2,2,1,0,0,0,2,1,3,1,0,0.712264577,,CCTCATACATACGTACGT
1,0,0,0,1,0,0,0,0,0,0,0,0,0,0,0,0,0,0,0,0,1.074884294,,G
2,1,0,0,1,0,0,0,0,0,0,0,0,0,1,0,0,0,0,0,0,0.967014667,,AG
3,1,0,1,1,0,0,0,1,0,0,0,0,0,1,0,0,0,0,0,0,0.996584375,,CAG
4,1,0,2,1,0,0,0,1,0,0,0,0,0,1,0,0,1,0,0,0,0.985067869,,CCAG
5,1,0,3,1,0,0,0,1,0,0,0,0,0,1,0,0,2,0,0,0,0.981819378,,CCCAG
6,2,0,3,1,0,0,0,1,0,0,0,0,0,1,0,0,2,1,0,0,0.817719084,,ACCCAG
7,3,0,3,1,1,0,0,1,0,0,0,0,0,1,0,0,2,1,0,0,0.787517242,,AACCCAG
8,3,1,3,1,1,1,0,1,0,0,0,0,0,1,0,0,2,1,0,0,0.733996918,,TAACCCAG
9,3,2,3,1,1,1,0,1,1,0,0,0,0,1,0,0,2,1,0,0,0.741804418,,TTAACCCAG
10,3,2,4,1,1,1,0,1,1,0,0,1,0,1,0,0,2,1,0,0,0.837129435,,CTTAACCCAG
11,3,2,5,1,1,1,0,1,1,0,0,1,0,1,0,0,3,1,0,0,0.851850756,,CCTTAACCCAG
12,4,2,5,1,1,1,0,1,1,0,0,1,0,1,0,0,3,2,0,0,0.724218657,,ACCTTAACCCAG
13,4,3,5,1,1,2,0,1,1,0,0,1,0,1,0,0,3,2,0,0,0.67384754,,TACCTTAACCCAG
14,4,4,5,1,1,2,0,1,2,0,0,1,0,1,0,0,3,2,0,0,0.675252295,,TTACCTTAACCCAG
15,5,4,5,1,1,2,0,1,2,1,0,1,0,1,0,0,3,2,0,0,0.656329839,,ATTACCTTAACCCAG
16,5,5,5,1,1,3,0,1,2,1,0,1,0,1,0,0,3,2,0,0,0.604761195,,TATTACCTTAACCCAG
17,5,5,6,1,1,3,0,1,2,1,0,2,0,1,0,0,3,2,0,0,0.715607653,,CTATTACCTTAACCCAG
18,5,5,6,2,1,3,0,1,2,1,0,2,0,1,0,0,3,2,0,1,0.75461774,,GCTATTACCTTAACCCAG
1,1,0,0,0,0,0,0,0,0,0,0,0,0,0,0,0,0,0,0,0,0.993010535,,A
2,1,1,0,0,0,1,0,0,0,0,0,0,0,0,0,0,0,0,0,0,0.913419979,,TA
3,1,1,1,0,0,1,0,0,0,0,0,1,0,0,0,0,0,0,0,0,0.884023516,,CTA
4,1,1,1,1,0,1,0,0,0,0,0,1,0,0,0,0,0,0,0,1,0.884432117,,GCTA
5,2,1,1,1,0,1,0,0,0,0,0,1,0,1,0,0,0,0,0,1,0.88442201,,AGCTA
6,3,1,1,1,1,1,0,0,0,0,0,1,0,1,0,0,0,0,0,1,0.792192362,,AAGCTA
7,3,2,1,1,1,2,0,0,0,0,0,1,0,1,0,0,0,0,0,1,0.750643361,,TAAGCTA
8,4,2,1,1,1,2,0,0,0,1,0,1,0,1,0,0,0,0,0,1,0.744669735,,ATAAGCTA
9,4,2,1,2,1,2,1,0,0,1,0,1,0,1,0,0,0,0,0,1,0.730266708,,GATAAGCTA
10,4,3,1,2,1,2,1,0,0,1,0,1,0,1,1,0,0,0,0,1,0.735444929,,TGATAAGCTA
11,4,3,2,2,1,2,1,0,0,1,0,2,0,1,1,0,0,0,0,1,0.70948171,,CTGATAAGCTA
12,4,4,2,2,1,2,1,0,0,1,0,2,0,1,1,0,0,0,1,1,0.675762733,,TCTGATAAGCTA
13,4,4,2,3,1,2,1,0,0,1,1,2,0,1,1,0,0,0,1,1,0.623598677,,GTCTGATAAGCTA
14,5,4,2,3,1,2,1,0,0,1,1,2,0,2,1,0,0,0,1,1,0.611489448,,AGTCTGATAAGCTA
15,5,4,3,3,1,2,1,1,0,1,1,2,0,2,1,0,0,0,1,1,0.595734638,,CAGTCTGATAAGCTA
16,5,5,3,3,1,2,1,1,0,1,1,2,0,2,1,0,0,0,2,1,0.557639223,,TCAGTCTGATAAGCTA
17,6,5,3,3,1,2,1,1,0,2,1,2,0,2,1,0,0,0,2,1,0.599558331,,ATCAGTCTGATAAGCTA
1,1,0,0,0,0,0,0,0,0,0,0,0,0,0,0,0,0,0,0,0,0.985265992,,A
2,1,1,0,0,0,1,0,0,0,0,0,0,0,0,0,0,0,0,0,0,0.922207777,,TA
3,1,1,1,0,0,1,0,0,0,0,0,1,0,0,0,0,0,0,0,0,0.910667389,,CTA
4,1,1,1,1,0,1,0,0,0,0,0,1,0,0,0,0,0,0,0,1,0.907273006,,GCTA
5,2,1,1,1,0,1,0,0,0,0,0,1,0,1,0,0,0,0,0,1,0.789406756,,AGCTA
6,3,1,1,1,1,1,0,0,0,0,0,1,0,1,0,0,0,0,0,1,0.677501796,,AAGCTA
7,3,2,1,1,1,2,0,0,0,0,0,1,0,1,0,0,0,0,0,1,0.678066025,,TAAGCTA
8,4,2,1,1,1,2,0,0,0,1,0,1,0,1,0,0,0,0,0,1,0.63510522,,ATAAGCTA
9,4,2,1,2,1,2,1,0,0,1,0,1,0,1,0,0,0,0,0,1,0.694531515,,GATAAGCTA
10,4,3,1,2,1,2,1,0,0,1,0,1,0,1,1,0,0,0,0,1,0.606303504,,TGATAAGCTA
11,4,3,2,2,1,2,1,0,0,1,0,2,0,1,1,0,0,0,0,1,0.670562218,,CTGATAAGCTA
12,4,4,2,2,1,2,1,0,0,1,0,2,0,1,1,0,0,0,1,1,0.583449598,,TCTGATAAGCTA
13,4,4,2,3,1,2,1,0,0,1,1,2,0,1,1,0,0,0,1,1,0.638019917,,GTCTGATAAGCTA
14,5,4,2,3,1,2,1,0,0,1,1,2,0,2,1,0,0,0,1,1,0.542622951,,AGTCTGATAAGCTA
15,5,4,3,3,1,2,1,1,0,1,1,2,0,2,1,0,0,0,1,1,0.603193876,,CAGTCTGATAAGCTA
16,5,5,3,3,1,2,1,1,0,1,1,2,0,2,1,0,0,0,2,1,0.50188176,,TCAGTCTGATAAGCTA
17,6,5,3,3,1,2,1,1,0,2,1,2,0,2,1,0,0,0,2,1,0.499405212,,ATCAGTCTGATAAGCTA
1,1,0,0,0,0,0,0,0,0,0,0,0,0,0,0,0,0,0,0,0,0.983159964,,A
2,1,1,0,0,0,1,0,0,0,0,0,0,0,0,0,0,0,0,0,0,0.964047576,,TA
3,1,1,1,0,0,1,0,0,0,0,0,1,0,0,0,0,0,0,0,0,1.022574967,,CTA
4,1,1,1,1,0,1,0,0,0,0,0,1,0,0,0,0,0,0,0,1,0.95517923,,GCTA
5,2,1,1,1,0,1,0,0,0,0,0,1,0,1,0,0,0,0,0,1,0.836115262,,AGCTA
6,3,1,1,1,1,1,0,0,0,0,0,1,0,1,0,0,0,0,0,1,0.761541437,,AAGCTA
7,3,2,1,1,1,2,0,0,0,0,0,1,0,1,0,0,0,0,0,1,0.783414767,,TAAGCTA
8,4,2,1,1,1,2,0,0,0,1,0,1,0,1,0,0,0,0,0,1,0.707269159,,ATAAGCTA
9,4,2,1,2,1,2,1,0,0,1,0,1,0,1,0,0,0,0,0,1,0.762736241,,GATAAGCTA
10,4,3,1,2,1,2,1,0,0,1,0,1,0,1,1,0,0,0,0,1,0.671831867,,TGATAAGCTA
11,4,3,2,2,1,2,1,0,0,1,0,2,0,1,1,0,0,0,0,1,0.741804493,,CTGATAAGCTA
12,4,4,2,2,1,2,1,0,0,1,0,2,0,1,1,0,0,0,1,1,0.642730168,,TCTGATAAGCTA
13,4,4,2,3,1,2,1,0,0,1,1,2,0,1,1,0,0,0,1,1,0.702346987,,GTCTGATAAGCTA
14,5,4,2,3,1,2,1,0,0,1,1,2,0,2,1,0,0,0,1,1,0.600462201,,AGTCTGATAAGCTA
15,5,4,3,3,1,2,1,1,0,1,1,2,0,2,1,0,0,0,1,1,0.662055646,,CAGTCTGATAAGCTA
16,5,5,3,3,1,2,1,1,0,1,1,2,0,2,1,0,0,0,2,1,0.564079055,,TCAGTCTGATAAGCTA
17,6,5,3,3,1,2,1,1,0,2,1,2,0,2,1,0,0,0,2,1,0.553894313,,ATCAGTCTGATAAGCTA
1,1,0,0,0,0,0,0,0,0,0,0,0,0,0,0,0,0,0,0,0,0.9441626,,A
2,1,1,0,0,0,1,0,0,0,0,0,0,0,0,0,0,0,0,0,0,0.914973343,,TA
3,1,1,1,0,0,1,0,0,0,0,0,1,0,0,0,0,0,0,0,0,0.968386928,,CTA
4,1,1,1,1,0,1,0,0,0,0,0,1,0,0,0,0,0,0,0,1,0.927248412,,GCTA
5,2,1,1,1,0,1,0,0,0,0,0,1,0,1,0,0,0,0,0,1,0.81010632,,AGCTA
6,3,1,1,1,1,1,0,0,0,0,0,1,0,1,0,0,0,0,0,1,0.830183884,,AAGCTA
7,3,2,1,1,1,2,0,0,0,0,0,1,0,1,0,0,0,0,0,1,0.769944825,,TAAGCTA
8,4,2,1,1,1,2,0,0,0,1,0,1,0,1,0,0,0,0,0,1,0.729641788,,ATAAGCTA
9,4,2,1,2,1,2,1,0,0,1,0,1,0,1,0,0,0,0,0,1,0.741237974,,GATAAGCTA
10,4,3,1,2,1,2,1,0,0,1,0,1,0,1,1,0,0,0,0,1,0.682405915,,TGATAAGCTA
11,4,3,2,2,1,2,1,0,0,1,0,2,0,1,1,0,0,0,0,1,0.813736806,,CTGATAAGCTA
12,4,4,2,2,1,2,1,0,0,1,0,2,0,1,1,0,0,0,1,1,0.663137065,,TCTGATAAGCTA
13,4,4,2,3,1,2,1,0,0,1,1,2,0,1,1,0,0,0,1,1,0.766825255,,GTCTGATAAGCTA
14,5,4,2,3,1,2,1,0,0,1,1,2,0,2,1,0,0,0,1,1,0.605692891,,AGTCTGATAAGCTA
15,5,4,3,3,1,2,1,1,0,1,1,2,0,2,1,0,0,0,1,1,0.6561876,,CAGTCTGATAAGCTA
16,5,5,3,3,1,2,1,1,0,1,1,2,0,2,1,0,0,0,2,1,0.555408163,,TCAGTCTGATAAGCTA
17,6,5,3,3,1,2,1,1,0,2,1,2,0,2,1,0,0,0,2,1,0.544438446,,ATCAGTCTGATAAGCTA
1,1,0,0,0,0,0,0,0,0,0,0,0,0,0,0,0,0,0,0,0,0.922408873,,A
2,1,1,0,0,0,1,0,0,0,0,0,0,0,0,0,0,0,0,0,0,0.923541996,,TA
3,1,1,1,0,0,1,0,0,0,0,0,1,0,0,0,0,0,0,0,0,1.010213097,,CTA
4,1,1,1,1,0,1,0,0,0,0,0,1,0,0,0,0,0,0,0,1,0.943326388,,GCTA
5,2,1,1,1,0,1,0,0,0,0,0,1,0,1,0,0,0,0,0,1,0.834650303,,AGCTA
6,3,1,1,1,1,1,0,0,0,0,0,1,0,1,0,0,0,0,0,1,0.76386095,,AAGCTA
7,3,2,1,1,1,2,0,0,0,0,0,1,0,1,0,0,0,0,0,1,0.755726369,,TAAGCTA
8,4,2,1,1,1,2,0,0,0,1,0,1,0,1,0,0,0,0,0,1,0.735702395,,ATAAGCTA
9,4,2,1,2,1,2,1,0,0,1,0,1,0,1,0,0,0,0,0,1,0.820605747,,GATAAGCTA
10,4,3,1,2,1,2,1,0,0,1,0,1,0,1,1,0,0,0,0,1,0.703166367,,TGATAAGCTA
11,4,3,2,2,1,2,1,0,0,1,0,2,0,1,1,0,0,0,0,1,0.816457949,,CTGATAAGCTA
12,4,4,2,2,1,2,1,0,0,1,0,2,0,1,1,0,0,0,1,1,0.691622427,,TCTGATAAGCTA
13,4,4,2,3,1,2,1,0,0,1,1,2,0,1,1,0,0,0,1,1,0.810150204,,GTCTGATAAGCTA
14,5,4,2,3,1,2,1,0,0,1,1,2,0,2,1,0,0,0,1,1,0.65548745,,AGTCTGATAAGCTA
15,5,4,3,3,1,2,1,1,0,1,1,2,0,2,1,0,0,0,1,1,0.75665191,,CAGTCTGATAAGCTA
16,5,5,3,3,1,2,1,1,0,1,1,2,0,2,1,0,0,0,2,1,0.622367353,,TCAGTCTGATAAGCTA
17,6,5,3,3,1,2,1,1,0,2,1,2,0,2,1,0,0,0,2,1,0.598233979,,ATCAGTCTGATAAGCTA
1,1,0,0,0,0,0,0,0,0,0,0,0,0,0,0,0,0,0,0,0,0.899531249,,A
2,1,1,0,0,0,1,0,0,0,0,0,0,0,0,0,0,0,0,0,0,0.919303411,,TA
3,1,1,1,0,0,1,0,0,0,0,0,1,0,0,0,0,0,0,0,0,1.005522236,,CTA
4,1,1,1,1,0,1,0,0,0,0,0,1,0,0,0,0,0,0,0,1,0.940893252,,GCTA
5,2,1,1,1,0,1,0,0,0,0,0,1,0,1,0,0,0,0,0,1,0.846761785,,AGCTA
6,3,1,1,1,1,1,0,0,0,0,0,1,0,1,0,0,0,0,0,1,0.780622326,,AAGCTA
7,3,2,1,1,1,2,0,0,0,0,0,1,0,1,0,0,0,0,0,1,0.761613926,,TAAGCTA
8,4,2,1,1,1,2,0,0,0,1,0,1,0,1,0,0,0,0,0,1,0.69522528,,ATAAGCTA
9,4,2,1,2,1,2,1,0,0,1,0,1,0,1,0,0,0,0,0,1,0.806985292,,GATAAGCTA
10,4,3,1,2,1,2,1,0,0,1,0,1,0,1,1,0,0,0,0,1,0.685366455,,TGATAAGCTA
11,4,3,2,2,1,2,1,0,0,1,0,2,0,1,1,0,0,0,0,1,0.806601246,,CTGATAAGCTA
12,4,4,2,2,1,2,1,0,0,1,0,2,0,1,1,0,0,0,1,1,0.665816222,,TCTGATAAGCTA
13,4,4,2,3,1,2,1,0,0,1,1,2,0,1,1,0,0,0,1,1,0.759832603,,GTCTGATAAGCTA
14,5,4,2,3,1,2,1,0,0,1,1,2,0,2,1,0,0,0,1,1,0.634160943,,AGTCTGATAAGCTA
15,5,4,3,3,1,2,1,1,0,1,1,2,0,2,1,0,0,0,1,1,0.74532491,,CAGTCTGATAAGCTA
16,5,5,3,3,1,2,1,1,0,1,1,2,0,2,1,0,0,0,2,1,0.591897382,,TCAGTCTGATAAGCTA
17,6,5,3,3,1,2,1,1,0,2,1,2,0,2,1,0,0,0,2,1,0.583234469,,ATCAGTCTGATAAGCTA
1,1,0,0,0,0,0,0,0,0,0,0,0,0,0,0,0,0,0,0,0,0.945561864,,A
2,1,1,0,0,0,1,0,0,0,0,0,0,0,0,0,0,0,0,0,0,0.945873875,,TA
3,1,1,1,0,0,1,0,0,0,0,0,1,0,0,0,0,0,0,0,0,1.005784966,,CTA
4,1,1,1,1,0,1,0,0,0,0,0,1,0,0,0,0,0,0,0,1,0.957170822,,GCTA
5,2,1,1,1,0,1,0,0,0,0,0,1,0,1,0,0,0,0,0,1,0.852838628,,AGCTA
6,3,1,1,1,1,1,0,0,0,0,0,1,0,1,0,0,0,0,0,1,0.794518941,,AAGCTA
7,3,2,1,1,1,2,0,0,0,0,0,1,0,1,0,0,0,0,0,1,0.753536303,,TAAGCTA
8,4,2,1,1,1,2,0,0,0,1,0,1,0,1,0,0,0,0,0,1,0.735690504,,ATAAGCTA
9,4,2,1,2,1,2,1,0,0,1,0,1,0,1,0,0,0,0,0,1,0.822458072,,GATAAGCTA
10,4,3,1,2,1,2,1,0,0,1,0,1,0,1,1,0,0,0,0,1,0.507541369,,TGATAAGCTA
11,4,3,2,2,1,2,1,0,0,1,0,2,0,1,1,0,0,0,0,1,0.688925972,,CTGATAAGCTA
12,4,4,2,2,1,2,1,0,0,1,0,2,0,1,1,0,0,0,1,1,0.513524651,,TCTGATAAGCTA
13,4,4,2,3,1,2,1,0,0,1,1,2,0,1,1,0,0,0,1,1,0.673215302,,GTCTGATAAGCTA
14,5,4,2,3,1,2,1,0,0,1,1,2,0,2,1,0,0,0,1,1,0.516727564,,AGTCTGATAAGCTA
15,5,4,3,3,1,2,1,1,0,1,1,2,0,2,1,0,0,0,1,1,0.663980597,,CAGTCTGATAAGCTA
16,5,5,3,3,1,2,1,1,0,1,1,2,0,2,1,0,0,0,2,1,0.481022526,,TCAGTCTGATAAGCTA
17,6,5,3,3,1,2,1,1,0,2,1,2,0,2,1,0,0,0,2,1,0.472240158,,ATCAGTCTGATAAGCTA
1,1,0,0,0,0,0,0,0,0,0,0,0,0,0,0,0,0,0,0,0,0.958429657,,A
2,1,1,0,0,0,1,0,0,0,0,0,0,0,0,0,0,0,0,0,0,0.934914682,,TA
3,1,1,1,0,0,1,0,0,0,0,0,1,0,0,0,0,0,0,0,0,0.967596898,,CTA
4,1,1,1,1,0,1,0,0,0,0,0,1,0,0,0,0,0,0,0,1,0.931385432,,GCTA
5,2,1,1,1,0,1,0,0,0,0,0,1,0,1,0,0,0,0,0,1,0.864922724,,AGCTA
6,3,1,1,1,1,1,0,0,0,0,0,1,0,1,0,0,0,0,0,1,0.788424953,,AAGCTA
7,3,2,1,1,1,2,0,0,0,0,0,1,0,1,0,0,0,0,0,1,0.765478533,,TAAGCTA
8,4,2,1,1,1,2,0,0,0,1,0,1,0,1,0,0,0,0,0,1,0.747120746,,ATAAGCTA
9,4,2,1,2,1,2,1,0,0,1,0,1,0,1,0,0,0,0,0,1,0.811002836,,GATAAGCTA
10,4,3,1,2,1,2,1,0,0,1,0,1,0,1,1,0,0,0,0,1,0.696406787,,TGATAAGCTA
11,4,3,2,2,1,2,1,0,0,1,0,2,0,1,1,0,0,0,0,1,0.802471051,,CTGATAAGCTA
12,4,4,2,2,1,2,1,0,0,1,0,2,0,1,1,0,0,0,1,1,0.697706182,,TCTGATAAGCTA
13,4,4,2,3,1,2,1,0,0,1,1,2,0,1,1,0,0,0,1,1,0.763978473,,GTCTGATAAGCTA
14,5,4,2,3,1,2,1,0,0,1,1,2,0,2,1,0,0,0,1,1,0.654076421,,AGTCTGATAAGCTA
15,5,4,3,3,1,2,1,1,0,1,1,2,0,2,1,0,0,0,1,1,0.759747786,,CAGTCTGATAAGCTA
16,5,5,3,3,1,2,1,1,0,1,1,2,0,2,1,0,0,0,2,1,0.639707397,,TCAGTCTGATAAGCTA
17,6,5,3,3,1,2,1,1,0,2,1,2,0,2,1,0,0,0,2,1,0.605985508,,ATCAGTCTGATAAGCTA
1,1,0,0,0,0,0,0,0,0,0,0,0,0,0,0,0,0,0,0,0,0.953598934,,A
2,1,1,0,0,0,1,0,0,0,0,0,0,0,0,0,0,0,0,0,0,0.978697976,,TA
3,1,1,1,0,0,1,0,0,0,0,0,1,0,0,0,0,0,0,0,0,1.015207372,,CTA
4,1,1,1,1,0,1,0,0,0,0,0,1,0,0,0,0,0,0,0,1,0.974539436,,GCTA
5,2,1,1,1,0,1,0,0,0,0,0,1,0,1,0,0,0,0,0,1,0.927576672,,AGCTA
6,3,1,1,1,1,1,0,0,0,0,0,1,0,1,0,0,0,0,0,1,0.803813777,,AAGCTA
7,3,2,1,1,1,2,0,0,0,0,0,1,0,1,0,0,0,0,0,1,0.776374119,,TAAGCTA
8,4,2,1,1,1,2,0,0,0,1,0,1,0,1,0,0,0,0,0,1,0.768061341,,ATAAGCTA
9,4,2,1,2,1,2,1,0,0,1,0,1,0,1,0,0,0,0,0,1,0.844778286,,GATAAGCTA
10,4,3,1,2,1,2,1,0,0,1,0,1,0,1,1,0,0,0,0,1,0.709404003,,TGATAAGCTA
11,4,3,2,2,1,2,1,0,0,1,0,2,0,1,1,0,0,0,0,1,0.826708051,,CTGATAAGCTA
12,4,4,2,2,1,2,1,0,0,1,0,2,0,1,1,0,0,0,1,1,0.711858373,,TCTGATAAGCTA
13,4,4,2,3,1,2,1,0,0,1,1,2,0,1,1,0,0,0,1,1,0.786851803,,GTCTGATAAGCTA
14,5,4,2,3,1,2,1,0,0,1,1,2,0,2,1,0,0,0,1,1,0.693835979,,AGTCTGATAAGCTA
15,5,4,3,3,1,2,1,1,0,1,1,2,0,2,1,0,0,0,1,1,0.760489508,,CAGTCTGATAAGCTA
16,5,5,3,3,1,2,1,1,0,1,1,2,0,2,1,0,0,0,2,1,0.622928717,,TCAGTCTGATAAGCTA
17,6,5,3,3,1,2,1,1,0,2,1,2,0,2,1,0,0,0,2,1,0.620153982,,ATCAGTCTGATAAGCTA
1,1,0,0,0,0,0,0,0,0,0,0,0,0,0,0,0,0,0,0,0,0.940224369,,A
2,1,1,0,0,0,1,0,0,0,0,0,0,0,0,0,0,0,0,0,0,0.93678533,,TA
3,1,1,1,0,0,1,0,0,0,0,0,1,0,0,0,0,0,0,0,0,1.015993803,,CTA
4,1,1,1,1,0,1,0,0,0,0,0,1,0,0,0,0,0,0,0,1,0.979904347,,GCTA
5,2,1,1,1,0,1,0,0,0,0,0,1,0,1,0,0,0,0,0,1,0.861153508,,AGCTA
6,3,1,1,1,1,1,0,0,0,0,0,1,0,1,0,0,0,0,0,1,0.792194618,,AAGCTA
7,3,2,1,1,1,2,0,0,0,0,0,1,0,1,0,0,0,0,0,1,0.797053003,,TAAGCTA
8,4,2,1,1,1,2,0,0,0,1,0,1,0,1,0,0,0,0,0,1,0.779033513,,ATAAGCTA
9,4,2,1,2,1,2,1,0,0,1,0,1,0,1,0,0,0,0,0,1,0.829516908,,GATAAGCTA
10,4,3,1,2,1,2,1,0,0,1,0,1,0,1,1,0,0,0,0,1,0.722926199,,TGATAAGCTA
11,4,3,2,2,1,2,1,0,0,1,0,2,0,1,1,0,0,0,0,1,0.824940893,,CTGATAAGCTA
12,4,4,2,2,1,2,1,0,0,1,0,2,0,1,1,0,0,0,1,1,0.70439613,,TCTGATAAGCTA
13,4,4,2,3,1,2,1,0,0,1,1,2,0,1,1,0,0,0,1,1,0.817280912,,GTCTGATAAGCTA
14,5,4,2,3,1,2,1,0,0,1,1,2,0,2,1,0,0,0,1,1,0.682574457,,AGTCTGATAAGCTA
15,5,4,3,3,1,2,1,1,0,1,1,2,0,2,1,0,0,0,1,1,0.776112806,,CAGTCTGATAAGCTA
16,5,5,3,3,1,2,1,1,0,1,1,2,0,2,1,0,0,0,2,1,0.648211629,,TCAGTCTGATAAGCTA
17,6,5,3,3,1,2,1,1,0,2,1,2,0,2,1,0,0,0,2,1,0.643562023,,ATCAGTCTGATAAGCTA
1,1,0,0,0,0,0,0,0,0,0,0,0,0,0,0,0,0,0,0,0,0.938095107,,A
2,1,1,0,0,0,1,0,0,0,0,0,0,0,0,0,0,0,0,0,0,0.932978563,,TA
3,1,1,1,0,0,1,0,0,0,0,0,1,0,0,0,0,0,0,0,0,0.994674309,,CTA
4,1,1,1,1,0,1,0,0,0,0,0,1,0,0,0,0,0,0,0,1,0.969061325,,GCTA
5,2,1,1,1,0,1,0,0,0,0,0,1,0,1,0,0,0,0,0,1,0.852873581,,AGCTA
6,3,1,1,1,1,1,0,0,0,0,0,1,0,1,0,0,0,0,0,1,0.78806619,,AAGCTA
7,3,2,1,1,1,2,0,0,0,0,0,1,0,1,0,0,0,0,0,1,0.773989809,,TAAGCTA
8,4,2,1,1,1,2,0,0,0,1,0,1,0,1,0,0,0,0,0,1,0.732897878,,ATAAGCTA
9,4,2,1,2,1,2,1,0,0,1,0,1,0,1,0,0,0,0,0,1,0.840363419,,GATAAGCTA
10,4,3,1,2,1,2,1,0,0,1,0,1,0,1,1,0,0,0,0,1,0.71425076,,TGATAAGCTA
11,4,3,2,2,1,2,1,0,0,1,0,2,0,1,1,0,0,0,0,1,0.779957716,,CTGATAAGCTA
12,4,4,2,2,1,2,1,0,0,1,0,2,0,1,1,0,0,0,1,1,0.695503241,,TCTGATAAGCTA
13,4,4,2,3,1,2,1,0,0,1,1,2,0,1,1,0,0,0,1,1,0.786018955,,GTCTGATAAGCTA
14,5,4,2,3,1,2,1,0,0,1,1,2,0,2,1,0,0,0,1,1,0.659179486,,AGTCTGATAAGCTA
15,5,4,3,3,1,2,1,1,0,1,1,2,0,2,1,0,0,0,1,1,0.737174287,,CAGTCTGATAAGCTA
16,5,5,3,3,1,2,1,1,0,1,1,2,0,2,1,0,0,0,2,1,0.632122222,,TCAGTCTGATAAGCTA
17,6,5,3,3,1,2,1,1,0,2,1,2,0,2,1,0,0,0,2,1,0.594983154,,ATCAGTCTGATAAGCTA
1,1,0,0,0,0,0,0,0,0,0,0,0,0,0,0,0,0,0,0,0,0.902351752,,A
2,1,1,0,0,0,1,0,0,0,0,0,0,0,0,0,0,0,0,0,0,0.951650303,,TA
3,1,1,1,0,0,1,0,0,0,0,0,1,0,0,0,0,0,0,0,0,1.022959639,,CTA
4,1,1,1,1,0,1,0,0,0,0,0,1,0,0,0,0,0,0,0,1,0.975298894,,GCTA
5,2,1,1,1,0,1,0,0,0,0,0,1,0,1,0,0,0,0,0,1,0.847816208,,AGCTA
6,3,1,1,1,1,1,0,0,0,0,0,1,0,1,0,0,0,0,0,1,0.79949564,,AAGCTA
7,3,2,1,1,1,2,0,0,0,0,0,1,0,1,0,0,0,0,0,1,0.80359722,,TAAGCTA
8,4,2,1,1,1,2,0,0,0,1,0,1,0,1,0,0,0,0,0,1,0.724549154,,ATAAGCTA
9,4,2,1,2,1,2,1,0,0,1,0,1,0,1,0,0,0,0,0,1,0.794176819,,GATAAGCTA
10,4,3,1,2,1,2,1,0,0,1,0,1,0,1,1,0,0,0,0,1,0.739521487,,TGATAAGCTA
11,4,3,2,2,1,2,1,0,0,1,0,2,0,1,1,0,0,0,0,1,0.861962864,,CTGATAAGCTA
12,4,4,2,2,1,2,1,0,0,1,0,2,0,1,1,0,0,0,1,1,0.689419321,,TCTGATAAGCTA
13,4,4,2,3,1,2,1,0,0,1,1,2,0,1,1,0,0,0,1,1,0.811137177,,GTCTGATAAGCTA
14,5,4,2,3,1,2,1,0,0,1,1,2,0,2,1,0,0,0,1,1,0.664213399,,AGTCTGATAAGCTA
15,5,4,3,3,1,2,1,1,0,1,1,2,0,2,1,0,0,0,1,1,0.798770344,,CAGTCTGATAAGCTA
16,5,5,3,3,1,2,1,1,0,1,1,2,0,2,1,0,0,0,2,1,0.629352653,,TCAGTCTGATAAGCTA
17,6,5,3,3,1,2,1,1,0,2,1,2,0,2,1,0,0,0,2,1,0.624181326,,ATCAGTCTGATAAGCTA
1,1,0,0,0,0,0,0,0,0,0,0,0,0,0,0,0,0,0,0,0,0.974528399,,A
2,1,1,0,0,0,1,0,0,0,0,0,0,0,0,0,0,0,0,0,0,0.969450661,,TA
3,1,1,1,0,0,1,0,0,0,0,0,1,0,0,0,0,0,0,0,0,1.059487351,,CTA
4,1,1,1,1,0,1,0,0,0,0,0,1,0,0,0,0,0,0,0,1,1.006741858,,GCTA
5,2,1,1,1,0,1,0,0,0,0,0,1,0,1,0,0,0,0,0,1,0.888756823,,AGCTA
6,3,1,1,1,1,1,0,0,0,0,0,1,0,1,0,0,0,0,0,1,0.831187629,,AAGCTA
7,3,2,1,1,1,2,0,0,0,0,0,1,0,1,0,0,0,0,0,1,0.795194085,,TAAGCTA
8,4,2,1,1,1,2,0,0,0,1,0,1,0,1,0,0,0,0,0,1,0.746271656,,ATAAGCTA
9,4,2,1,2,1,2,1,0,0,1,0,1,0,1,0,0,0,0,0,1,0.829952601,,GATAAGCTA
10,4,3,1,2,1,2,1,0,0,1,0,1,0,1,1,0,0,0,0,1,0.722631959,,TGATAAGCTA
11,4,3,2,2,1,2,1,0,0,1,0,2,0,1,1,0,0,0,0,1,0.814422033,,CTGATAAGCTA
12,4,4,2,2,1,2,1,0,0,1,0,2,0,1,1,0,0,0,1,1,0.703427983,,TCTGATAAGCTA
13,4,4,2,3,1,2,1,0,0,1,1,2,0,1,1,0,0,0,1,1,0.821952862,,GTCTGATAAGCTA
14,5,4,2,3,1,2,1,0,0,1,1,2,0,2,1,0,0,0,1,1,0.684679765,,AGTCTGATAAGCTA
15,5,4,3,3,1,2,1,1,0,1,1,2,0,2,1,0,0,0,1,1,0.739704121,,CAGTCTGATAAGCTA
16,5,5,3,3,1,2,1,1,0,1,1,2,0,2,1,0,0,0,2,1,0.623946876,,TCAGTCTGATAAGCTA
17,6,5,3,3,1,2,1,1,0,2,1,2,0,2,1,0,0,0,2,1,0.598772228,,ATCAGTCTGATAAGCTA
1,1,0,0,0,0,0,0,0,0,0,0,0,0,0,0,0,0,0,0,0,0.912087201,,A
2,1,1,0,0,0,1,0,0,0,0,0,0,0,0,0,0,0,0,0,0,0.888677383,,TA
3,1,1,1,0,0,1,0,0,0,0,0,1,0,0,0,0,0,0,0,0,0.958423806,,CTA
4,1,1,1,1,0,1,0,0,0,0,0,1,0,0,0,0,0,0,0,1,0.945890414,,GCTA
5,2,1,1,1,0,1,0,0,0,0,0,1,0,1,0,0,0,0,0,1,0.816510797,,AGCTA
6,3,1,1,1,1,1,0,0,0,0,0,1,0,1,0,0,0,0,0,1,0.757383902,,AAGCTA
7,3,2,1,1,1,2,0,0,0,0,0,1,0,1,0,0,0,0,0,1,0.728345534,,TAAGCTA
8,4,2,1,1,1,2,0,0,0,1,0,1,0,1,0,0,0,0,0,1,0.694866971,,ATAAGCTA
9,4,2,1,2,1,2,1,0,0,1,0,1,0,1,0,0,0,0,0,1,0.826960187,,GATAAGCTA
10,4,3,1,2,1,2,1,0,0,1,0,1,0,1,1,0,0,0,0,1,0.679868557,,TGATAAGCTA
11,4,3,2,2,1,2,1,0,0,1,0,2,0,1,1,0,0,0,0,1,0.716356446,,CTGATAAGCTA
12,4,4,2,2,1,2,1,0,0,1,0,2,0,1,1,0,0,0,1,1,0.642133277,,TCTGATAAGCTA
13,4,4,2,3,1,2,1,0,0,1,1,2,0,1,1,0,0,0,1,1,0.772062629,,GTCTGATAAGCTA
14,5,4,2,3,1,2,1,0,0,1,1,2,0,2,1,0,0,0,1,1,0.626557194,,AGTCTGATAAGCTA
15,5,4,3,3,1,2,1,1,0,1,1,2,0,2,1,0,0,0,1,1,0.676893451,,CAGTCTGATAAGCTA
16,5,5,3,3,1,2,1,1,0,1,1,2,0,2,1,0,0,0,2,1,0.588044639,,TCAGTCTGATAAGCTA
17,6,5,3,3,1,2,1,1,0,2,1,2,0,2,1,0,0,0,2,1,0.581926301,,ATCAGTCTGATAAGCTA
1,1,0,0,0,0,0,0,0,0,0,0,0,0,0,0,0,0,0,0,0,0.948632139,,A
2,1,1,0,0,0,1,0,0,0,0,0,0,0,0,0,0,0,0,0,0,0.939330766,,TA
3,1,1,1,0,0,1,0,0,0,0,0,1,0,0,0,0,0,0,0,0,0.968250498,,CTA
4,1,1,1,1,0,1,0,0,0,0,0,1,0,0,0,0,0,0,0,1,0.988458427,,GCTA
5,2,1,1,1,0,1,0,0,0,0,0,1,0,1,0,0,0,0,0,1,0.84693585,,AGCTA
6,3,1,1,1,1,1,0,0,0,0,0,1,0,1,0,0,0,0,0,1,0.783115735,,AAGCTA
7,3,2,1,1,1,2,0,0,0,0,0,1,0,1,0,0,0,0,0,1,0.763496361,,TAAGCTA
8,4,2,1,1,1,2,0,0,0,1,0,1,0,1,0,0,0,0,0,1,0.71743866,,ATAAGCTA
9,4,2,1,2,1,2,1,0,0,1,0,1,0,1,0,0,0,0,0,1,0.843494146,,GATAAGCTA
10,4,3,1,2,1,2,1,0,0,1,0,1,0,1,1,0,0,0,0,1,0.687211615,,TGATAAGCTA
11,4,3,2,2,1,2,1,0,0,1,0,2,0,1,1,0,0,0,0,1,0.769659706,,CTGATAAGCTA
12,4,4,2,2,1,2,1,0,0,1,0,2,0,1,1,0,0,0,1,1,0.67753481,,TCTGATAAGCTA
13,4,4,2,3,1,2,1,0,0,1,1,2,0,1,1,0,0,0,1,1,0.79640157,,GTCTGATAAGCTA
14,5,4,2,3,1,2,1,0,0,1,1,2,0,2,1,0,0,0,1,1,0.642618223,,AGTCTGATAAGCTA
15,5,4,3,3,1,2,1,1,0,1,1,2,0,2,1,0,0,0,1,1,0.691517232,,CAGTCTGATAAGCTA
16,5,5,3,3,1,2,1,1,0,1,1,2,0,2,1,0,0,0,2,1,0.59213547,,TCAGTCTGATAAGCTA
17,6,5,3,3,1,2,1,1,0,2,1,2,0,2,1,0,0,0,2,1,0.597635234,,ATCAGTCTGATAAGCTA
1,1,0,0,0,0,0,0,0,0,0,0,0,0,0,0,0,0,0,0,0,0.949435503,,A
2,1,1,0,0,0,1,0,0,0,0,0,0,0,0,0,0,0,0,0,0,0.928545901,,TA
3,1,1,1,0,0,1,0,0,0,0,0,1,0,0,0,0,0,0,0,0,0.948521679,,CTA
4,1,1,1,1,0,1,0,0,0,0,0,1,0,0,0,0,0,0,0,1,0.954667639,,GCTA
5,2,1,1,1,0,1,0,0,0,0,0,1,0,1,0,0,0,0,0,1,0.836817157,,AGCTA
6,3,1,1,1,1,1,0,0,0,0,0,1,0,1,0,0,0,0,0,1,0.753855321,,AAGCTA
7,3,2,1,1,1,2,0,0,0,0,0,1,0,1,0,0,0,0,0,1,0.726920582,,TAAGCTA
8,4,2,1,1,1,2,0,0,0,1,0,1,0,1,0,0,0,0,0,1,0.69211627,,ATAAGCTA
9,4,2,1,2,1,2,1,0,0,1,0,1,0,1,0,0,0,0,0,1,0.785938723,,GATAAGCTA
10,4,3,1,2,1,2,1,0,0,1,0,1,0,1,1,0,0,0,0,1,0.652774234,,TGATAAGCTA
11,4,3,2,2,1,2,1,0,0,1,0,2,0,1,1,0,0,0,0,1,0.737200268,,CTGATAAGCTA
12,4,4,2,2,1,2,1,0,0,1,0,2,0,1,1,0,0,0,1,1,0.639653199,,TCTGATAAGCTA
13,4,4,2,3,1,2,1,0,0,1,1,2,0,1,1,0,0,0,1,1,0.724667673,,GTCTGATAAGCTA
14,5,4,2,3,1,2,1,0,0,1,1,2,0,2,1,0,0,0,1,1,0.608010812,,AGTCTGATAAGCTA
15,5,4,3,3,1,2,1,1,0,1,1,2,0,2,1,0,0,0,1,1,0.635909281,,CAGTCTGATAAGCTA
16,5,5,3,3,1,2,1,1,0,1,1,2,0,2,1,0,0,0,2,1,0.541682182,,TCAGTCTGATAAGCTA
17,6,5,3,3,1,2,1,1,0,2,1,2,0,2,1,0,0,0,2,1,0.563969859,,ATCAGTCTGATAAGCTA
1,1,0,0,0,0,0,0,0,0,0,0,0,0,0,0,0,0,0,0,0,0.912121773,,A
2,1,1,0,0,0,1,0,0,0,0,0,0,0,0,0,0,0,0,0,0,1.00524807,,TA
3,1,1,1,0,0,1,0,0,0,0,0,1,0,0,0,0,0,0,0,0,0.923906663,,CTA
4,1,1,1,1,0,1,0,0,0,0,0,1,0,0,0,0,0,0,0,1,0.907930832,,GCTA
5,2,1,1,1,0,1,0,0,0,0,0,1,0,1,0,0,0,0,0,1,0.774119102,,AGCTA
6,3,1,1,1,1,1,0,0,0,0,0,1,0,1,0,0,0,0,0,1,0.73814742,,AAGCTA
7,3,2,1,1,1,2,0,0,0,0,0,1,0,1,0,0,0,0,0,1,0.740280753,,TAAGCTA
8,4,2,1,1,1,2,0,0,0,1,0,1,0,1,0,0,0,0,0,1,0.675213155,,ATAAGCTA
9,4,2,1,2,1,2,1,0,0,1,0,1,0,1,0,0,0,0,0,1,0.76349986,,GATAAGCTA
10,4,3,1,2,1,2,1,0,0,1,0,1,0,1,1,0,0,0,0,1,0.639679447,,TGATAAGCTA
11,4,3,2,2,1,2,1,0,0,1,0,2,0,1,1,0,0,0,0,1,0.694478824,,CTGATAAGCTA
12,4,4,2,2,1,2,1,0,0,1,0,2,0,1,1,0,0,0,1,1,0.600247632,,TCTGATAAGCTA
13,4,4,2,3,1,2,1,0,0,1,1,2,0,1,1,0,0,0,1,1,0.650534303,,GTCTGATAAGCTA
14,5,4,2,3,1,2,1,0,0,1,1,2,0,2,1,0,0,0,1,1,0.571912625,,AGTCTGATAAGCTA
15,5,4,3,3,1,2,1,1,0,1,1,2,0,2,1,0,0,0,1,1,0.599034376,,CAGTCTGATAAGCTA
16,5,5,3,3,1,2,1,1,0,1,1,2,0,2,1,0,0,0,2,1,0.509605936,,TCAGTCTGATAAGCTA
17,6,5,3,3,1,2,1,1,0,2,1,2,0,2,1,0,0,0,2,1,0.482979588,,ATCAGTCTGATAAGCTA
1,1,0,0,0,0,0,0,0,0,0,0,0,0,0,0,0,0,0,0,0,0.940830106,,A
2,1,1,0,0,0,1,0,0,0,0,0,0,0,0,0,0,0,0,0,0,0.998705188,,TA
3,1,1,1,0,0,1,0,0,0,0,0,1,0,0,0,0,0,0,0,0,0.95506825,,CTA
4,1,1,1,1,0,1,0,0,0,0,0,1,0,0,0,0,0,0,0,1,0.913711663,,GCTA
5,2,1,1,1,0,1,0,0,0,0,0,1,0,1,0,0,0,0,0,1,0.816191865,,AGCTA
6,3,1,1,1,1,1,0,0,0,0,0,1,0,1,0,0,0,0,0,1,0.743951298,,AAGCTA
7,3,2,1,1,1,2,0,0,0,0,0,1,0,1,0,0,0,0,0,1,0.755963872,,TAAGCTA
8,4,2,1,1,1,2,0,0,0,1,0,1,0,1,0,0,0,0,0,1,0.689514258,,ATAAGCTA
9,4,2,1,2,1,2,1,0,0,1,0,1,0,1,0,0,0,0,0,1,0.7354941,,GATAAGCTA
10,4,3,1,2,1,2,1,0,0,1,0,1,0,1,1,0,0,0,0,1,0.650489525,,TGATAAGCTA
11,4,3,2,2,1,2,1,0,0,1,0,2,0,1,1,0,0,0,0,1,0.70748693,,CTGATAAGCTA
12,4,4,2,2,1,2,1,0,0,1,0,2,0,1,1,0,0,0,1,1,0.624256649,,TCTGATAAGCTA
13,4,4,2,3,1,2,1,0,0,1,1,2,0,1,1,0,0,0,1,1,0.657123904,,GTCTGATAAGCTA
14,5,4,2,3,1,2,1,0,0,1,1,2,0,2,1,0,0,0,1,1,0.545066761,,AGTCTGATAAGCTA
15,5,4,3,3,1,2,1,1,0,1,1,2,0,2,1,0,0,0,1,1,0.600625113,,CAGTCTGATAAGCTA
16,5,5,3,3,1,2,1,1,0,1,1,2,0,2,1,0,0,0,2,1,0.52338443,,TCAGTCTGATAAGCTA
17,6,5,3,3,1,2,1,1,0,2,1,2,0,2,1,0,0,0,2,1,0.513439188,,ATCAGTCTGATAAGCTA
1,1,0,0,0,0,0,0,0,0,0,0,0,0,0,0,0,0,0,0,0,0.923166701,,A
2,1,1,0,0,0,1,0,0,0,0,0,0,0,0,0,0,0,0,0,0,0.958169252,,TA
3,1,1,1,0,0,1,0,0,0,0,0,1,0,0,0,0,0,0,0,0,0.917853143,,CTA
4,1,1,1,1,0,1,0,0,0,0,0,1,0,0,0,0,0,0,0,1,0.892490989,,GCTA
5,2,1,1,1,0,1,0,0,0,0,0,1,0,1,0,0,0,0,0,1,0.777973874,,AGCTA
6,3,1,1,1,1,1,0,0,0,0,0,1,0,1,0,0,0,0,0,1,0.726743402,,AAGCTA
7,3,2,1,1,1,2,0,0,0,0,0,1,0,1,0,0,0,0,0,1,0.716019515,,TAAGCTA
8,4,2,1,1,1,2,0,0,0,1,0,1,0,1,0,0,0,0,0,1,0.662321683,,ATAAGCTA
9,4,2,1,2,1,2,1,0,0,1,0,1,0,1,0,0,0,0,0,1,0.711138468,,GATAAGCTA
10,4,3,1,2,1,2,1,0,0,1,0,1,0,1,1,0,0,0,0,1,0.608711627,,TGATAAGCTA
11,4,3,2,2,1,2,1,0,0,1,0,2,0,1,1,0,0,0,0,1,0.65290655,,CTGATAAGCTA
12,4,4,2,2,1,2,1,0,0,1,0,2,0,1,1,0,0,0,1,1,0.585602365,,TCTGATAAGCTA
13,4,4,2,3,1,2,1,0,0,1,1,2,0,1,1,0,0,0,1,1,0.633257617,,GTCTGATAAGCTA
14,5,4,2,3,1,2,1,0,0,1,1,2,0,2,1,0,0,0,1,1,0.530248704,,AGTCTGATAAGCTA
15,5,4,3,3,1,2,1,1,0,1,1,2,0,2,1,0,0,0,1,1,0.559901763,,CAGTCTGATAAGCTA
16,5,5,3,3,1,2,1,1,0,1,1,2,0,2,1,0,0,0,2,1,0.47539534,,TCAGTCTGATAAGCTA
17,6,5,3,3,1,2,1,1,0,2,1,2,0,2,1,0,0,0,2,1,0.473785775,,ATCAGTCTGATAAGCTA
1,1,0,0,0,0,0,0,0,0,0,0,0,0,0,0,0,0,0,0,0,0.880373331,,A
2,1,1,0,0,0,1,0,0,0,0,0,0,0,0,0,0,0,0,0,0,0.984297596,,TA
3,1,1,1,0,0,1,0,0,0,0,0,1,0,0,0,0,0,0,0,0,0.924287684,,CTA
4,1,1,1,1,0,1,0,0,0,0,0,1,0,0,0,0,0,0,0,1,0.860683837,,GCTA
5,2,1,1,1,0,1,0,0,0,0,0,1,0,1,0,0,0,0,0,1,0.785231025,,AGCTA
6,3,1,1,1,1,1,0,0,0,0,0,1,0,1,0,0,0,0,0,1,0.729364155,,AAGCTA
7,3,2,1,1,1,2,0,0,0,0,0,1,0,1,0,0,0,0,0,1,0.717728235,,TAAGCTA
8,4,2,1,1,1,2,0,0,0,1,0,1,0,1,0,0,0,0,0,1,0.660527865,,ATAAGCTA
9,4,2,1,2,1,2,1,0,0,1,0,1,0,1,0,0,0,0,0,1,0.698456391,,GATAAGCTA
10,4,3,1,2,1,2,1,0,0,1,0,1,0,1,1,0,0,0,0,1,0.603473953,,TGATAAGCTA
11,4,3,2,2,1,2,1,0,0,1,0,2,0,1,1,0,0,0,0,1,0.67136388,,CTGATAAGCTA
12,4,4,2,2,1,2,1,0,0,1,0,2,0,1,1,0,0,0,1,1,0.564224228,,TCTGATAAGCTA
13,4,4,2,3,1,2,1,0,0,1,1,2,0,1,1,0,0,0,1,1,0.639740486,,GTCTGATAAGCTA
14,5,4,2,3,1,2,1,0,0,1,1,2,0,2,1,0,0,0,1,1,0.514422776,,AGTCTGATAAGCTA
15,5,4,3,3,1,2,1,1,0,1,1,2,0,2,1,0,0,0,1,1,0.577804165,,CAGTCTGATAAGCTA
16,5,5,3,3,1,2,1,1,0,1,1,2,0,2,1,0,0,0,2,1,0.487333896,,TCAGTCTGATAAGCTA
17,6,5,3,3,1,2,1,1,0,2,1,2,0,2,1,0,0,0,2,1,0.47546979,,ATCAGTCTGATAAGCTA
1,1,0,0,0,0,0,0,0,0,0,0,0,0,0,0,0,0,0,0,0,0.6537091,,A
2,1,1,0,0,0,1,0,0,0,0,0,0,0,0,0,0,0,0,0,0,0.71969357,,TA
3,1,1,1,0,0,1,0,0,0,0,0,1,0,0,0,0,0,0,0,0,0.735920645,,CTA
4,1,1,1,1,0,1,0,0,0,0,0,1,0,0,0,0,0,0,0,1,0.715097213,,GCTA
5,2,1,1,1,0,1,0,0,0,0,0,1,0,1,0,0,0,0,0,1,0.632610628,,AGCTA
6,3,1,1,1,1,1,0,0,0,0,0,1,0,1,0,0,0,0,0,1,0.600790572,,AAGCTA
7,3,2,1,1,1,2,0,0,0,0,0,1,0,1,0,0,0,0,0,1,0.58306196,,TAAGCTA
8,4,2,1,1,1,2,0,0,0,1,0,1,0,1,0,0,0,0,0,1,0.537629894,,ATAAGCTA
9,4,2,1,2,1,2,1,0,0,1,0,1,0,1,0,0,0,0,0,1,0.587119586,,GATAAGCTA
10,4,3,1,2,1,2,1,0,0,1,0,1,0,1,1,0,0,0,0,1,0.549465132,,TGATAAGCTA
11,4,3,2,2,1,2,1,0,0,1,0,2,0,1,1,0,0,0,0,1,0.573404963,,CTGATAAGCTA
12,4,4,2,2,1,2,1,0,0,1,0,2,0,1,1,0,0,0,1,1,0.486873927,,TCTGATAAGCTA
13,4,4,2,3,1,2,1,0,0,1,1,2,0,1,1,0,0,0,1,1,0.541147981,,GTCTGATAAGCTA
14,5,4,2,3,1,2,1,0,0,1,1,2,0,2,1,0,0,0,1,1,0.479483411,,AGTCTGATAAGCTA
15,5,4,3,3,1,2,1,1,0,1,1,2,0,2,1,0,0,0,1,1,0.539091054,,CAGTCTGATAAGCTA
16,5,5,3,3,1,2,1,1,0,1,1,2,0,2,1,0,0,0,2,1,0.422011472,,TCAGTCTGATAAGCTA
17,6,5,3,3,1,2,1,1,0,2,1,2,0,2,1,0,0,0,2,1,0.414521758,,ATCAGTCTGATAAGCTA
1,1,0,0,0,0,0,0,0,0,0,0,0,0,0,0,0,0,0,0,0,0.868070234,,A
2,1,1,0,0,0,1,0,0,0,0,0,0,0,0,0,0,0,0,0,0,0.936056914,,TA
3,1,1,1,0,0,1,0,0,0,0,0,1,0,0,0,0,0,0,0,0,0.964734299,,CTA
4,1,1,1,1,0,1,0,0,0,0,0,1,0,0,0,0,0,0,0,1,0.946267948,,GCTA
5,2,1,1,1,0,1,0,0,0,0,0,1,0,1,0,0,0,0,0,1,0.823551844,,AGCTA
6,3,1,1,1,1,1,0,0,0,0,0,1,0,1,0,0,0,0,0,1,0.787926804,,AAGCTA
7,3,2,1,1,1,2,0,0,0,0,0,1,0,1,0,0,0,0,0,1,0.782582355,,TAAGCTA
8,4,2,1,1,1,2,0,0,0,1,0,1,0,1,0,0,0,0,0,1,0.70467903,,ATAAGCTA
9,4,2,1,2,1,2,1,0,0,1,0,1,0,1,0,0,0,0,0,1,0.774536408,,GATAAGCTA
10,4,3,1,2,1,2,1,0,0,1,0,1,0,1,1,0,0,0,0,1,0.696860787,,TGATAAGCTA
11,4,3,2,2,1,2,1,0,0,1,0,2,0,1,1,0,0,0,0,1,0.803601699,,CTGATAAGCTA
12,4,4,2,2,1,2,1,0,0,1,0,2,0,1,1,0,0,0,1,1,0.660390307,,TCTGATAAGCTA
13,4,4,2,3,1,2,1,0,0,1,1,2,0,1,1,0,0,0,1,1,0.740460025,,GTCTGATAAGCTA
14,5,4,2,3,1,2,1,0,0,1,1,2,0,2,1,0,0,0,1,1,0.633224452,,AGTCTGATAAGCTA
15,5,4,3,3,1,2,1,1,0,1,1,2,0,2,1,0,0,0,1,1,0.70408919,,CAGTCTGATAAGCTA
16,5,5,3,3,1,2,1,1,0,1,1,2,0,2,1,0,0,0,2,1,0.556261322,,TCAGTCTGATAAGCTA
17,6,5,3,3,1,2,1,1,0,2,1,2,0,2,1,0,0,0,2,1,0.545766691,,ATCAGTCTGATAAGCTA
1,1,0,0,0,0,0,0,0,0,0,0,0,0,0,0,0,0,0,0,0,0.860493857,,A
2,1,1,0,0,0,1,0,0,0,0,0,0,0,0,0,0,0,0,0,0,0.926070346,,TA
3,1,1,1,0,0,1,0,0,0,0,0,1,0,0,0,0,0,0,0,0,0.971215738,,CTA
4,1,1,1,1,0,1,0,0,0,0,0,1,0,0,0,0,0,0,0,1,0.950917613,,GCTA
5,2,1,1,1,0,1,0,0,0,0,0,1,0,1,0,0,0,0,0,1,0.83068494,,AGCTA
6,3,1,1,1,1,1,0,0,0,0,0,1,0,1,0,0,0,0,0,1,0.774215849,,AAGCTA
7,3,2,1,1,1,2,0,0,0,0,0,1,0,1,0,0,0,0,0,1,0.789226735,,TAAGCTA
8,4,2,1,1,1,2,0,0,0,1,0,1,0,1,0,0,0,0,0,1,0.738369899,,ATAAGCTA
9,4,2,1,2,1,2,1,0,0,1,0,1,0,1,0,0,0,0,0,1,0.78853682,,GATAAGCTA
10,4,3,1,2,1,2,1,0,0,1,0,1,0,1,1,0,0,0,0,1,0.700211658,,TGATAAGCTA
11,4,3,2,2,1,2,1,0,0,1,0,2,0,1,1,0,0,0,0,1,0.771038652,,CTGATAAGCTA
12,4,4,2,2,1,2,1,0,0,1,0,2,0,1,1,0,0,0,1,1,0.654422864,,TCTGATAAGCTA
13,4,4,2,3,1,2,1,0,0,1,1,2,0,1,1,0,0,0,1,1,0.705097404,,GTCTGATAAGCTA
14,5,4,2,3,1,2,1,0,0,1,1,2,0,2,1,0,0,0,1,1,0.614411074,,AGTCTGATAAGCTA
15,5,4,3,3,1,2,1,1,0,1,1,2,0,2,1,0,0,0,1,1,0.69669822,,CAGTCTGATAAGCTA
16,5,5,3,3,1,2,1,1,0,1,1,2,0,2,1,0,0,0,2,1,0.5424458,,TCAGTCTGATAAGCTA
17,6,5,3,3,1,2,1,1,0,2,1,2,0,2,1,0,0,0,2,1,0.534086804,,ATCAGTCTGATAAGCTA
1,1,0,0,0,0,0,0,0,0,0,0,0,0,0,0,0,0,0,0,0,0.88544095,,A
2,1,1,0,0,0,1,0,0,0,0,0,0,0,0,0,0,0,0,0,0,0.923453754,,TA
3,1,1,1,0,0,1,0,0,0,0,0,1,0,0,0,0,0,0,0,0,1.002486083,,CTA
4,1,1,1,1,0,1,0,0,0,0,0,1,0,0,0,0,0,0,0,1,0.916202336,,GCTA
5,2,1,1,1,0,1,0,0,0,0,0,1,0,1,0,0,0,0,0,1,0.777799637,,AGCTA
6,3,1,1,1,1,1,0,0,0,0,0,1,0,1,0,0,0,0,0,1,0.733140842,,AAGCTA
7,3,2,1,1,1,2,0,0,0,0,0,1,0,1,0,0,0,0,0,1,0.753514405,,TAAGCTA
8,4,2,1,1,1,2,0,0,0,1,0,1,0,1,0,0,0,0,0,1,0.701055696,,ATAAGCTA
9,4,2,1,2,1,2,1,0,0,1,0,1,0,1,0,0,0,0,0,1,0.735149335,,GATAAGCTA
10,4,3,1,2,1,2,1,0,0,1,0,1,0,1,1,0,0,0,0,1,0.648266162,,TGATAAGCTA
11,4,3,2,2,1,2,1,0,0,1,0,2,0,1,1,0,0,0,0,1,0.758968453,,CTGATAAGCTA
12,4,4,2,2,1,2,1,0,0,1,0,2,0,1,1,0,0,0,1,1,0.592479483,,TCTGATAAGCTA
13,4,4,2,3,1,2,1,0,0,1,1,2,0,1,1,0,0,0,1,1,0.652155765,,GTCTGATAAGCTA
14,5,4,2,3,1,2,1,0,0,1,1,2,0,2,1,0,0,0,1,1,0.546900548,,AGTCTGATAAGCTA
15,5,4,3,3,1,2,1,1,0,1,1,2,0,2,1,0,0,0,1,1,0.664565153,,CAGTCTGATAAGCTA
16,5,5,3,3,1,2,1,1,0,1,1,2,0,2,1,0,0,0,2,1,0.478323955,,TCAGTCTGATAAGCTA
17,6,5,3,3,1,2,1,1,0,2,1,2,0,2,1,0,0,0,2,1,0.493090881,,ATCAGTCTGATAAGCTA
1,1,0,0,0,0,0,0,0,0,0,0,0,0,0,0,0,0,0,0,0,0.897324075,,A
2,1,1,0,0,0,1,0,0,0,0,0,0,0,0,0,0,0,0,0,0,0.971417193,,TA
3,1,1,1,0,0,1,0,0,0,0,0,1,0,0,0,0,0,0,0,0,1.05414437,,CTA
4,1,1,1,1,0,1,0,0,0,0,0,1,0,0,0,0,0,0,0,1,0.976635188,,GCTA
5,2,1,1,1,0,1,0,0,0,0,0,1,0,1,0,0,0,0,0,1,0.825936556,,AGCTA
6,3,1,1,1,1,1,0,0,0,0,0,1,0,1,0,0,0,0,0,1,0.819745665,,AAGCTA
7,3,2,1,1,1,2,0,0,0,0,0,1,0,1,0,0,0,0,0,1,0.792248414,,TAAGCTA
8,4,2,1,1,1,2,0,0,0,1,0,1,0,1,0,0,0,0,0,1,0.735899374,,ATAAGCTA
9,4,2,1,2,1,2,1,0,0,1,0,1,0,1,0,0,0,0,0,1,0.788943866,,GATAAGCTA
10,4,3,1,2,1,2,1,0,0,1,0,1,0,1,1,0,0,0,0,1,0.722931467,,TGATAAGCTA
11,4,3,2,2,1,2,1,0,0,1,0,2,0,1,1,0,0,0,0,1,0.842392997,,CTGATAAGCTA
12,4,4,2,2,1,2,1,0,0,1,0,2,0,1,1,0,0,0,1,1,0.637849411,,TCTGATAAGCTA
13,4,4,2,3,1,2,1,0,0,1,1,2,0,1,1,0,0,0,1,1,0.71459076,,GTCTGATAAGCTA
14,5,4,2,3,1,2,1,0,0,1,1,2,0,2,1,0,0,0,1,1,0.629211912,,AGTCTGATAAGCTA
15,5,4,3,3,1,2,1,1,0,1,1,2,0,2,1,0,0,0,1,1,0.733944096,,CAGTCTGATAAGCTA
16,5,5,3,3,1,2,1,1,0,1,1,2,0,2,1,0,0,0,2,1,0.535525182,,TCAGTCTGATAAGCTA
17,6,5,3,3,1,2,1,1,0,2,1,2,0,2,1,0,0,0,2,1,0.530112132,,ATCAGTCTGATAAGCTA
1,1,0,0,0,0,0,0,0,0,0,0,0,0,0,0,0,0,0,0,0,0.891444997,,A
2,1,1,0,0,0,1,0,0,0,0,0,0,0,0,0,0,0,0,0,0,0.951884351,,TA
3,1,1,1,0,0,1,0,0,0,0,0,1,0,0,0,0,0,0,0,0,1.052300788,,CTA
4,1,1,1,1,0,1,0,0,0,0,0,1,0,0,0,0,0,0,0,1,0.968145964,,GCTA
5,2,1,1,1,0,1,0,0,0,0,0,1,0,1,0,0,0,0,0,1,0.837068952,,AGCTA
6,3,1,1,1,1,1,0,0,0,0,0,1,0,1,0,0,0,0,0,1,0.792868394,,AAGCTA
7,3,2,1,1,1,2,0,0,0,0,0,1,0,1,0,0,0,0,0,1,0.810187889,,TAAGCTA
8,4,2,1,1,1,2,0,0,0,1,0,1,0,1,0,0,0,0,0,1,0.742204709,,ATAAGCTA
9,4,2,1,2,1,2,1,0,0,1,0,1,0,1,0,0,0,0,0,1,0.805453466,,GATAAGCTA
10,4,3,1,2,1,2,1,0,0,1,0,1,0,1,1,0,0,0,0,1,0.724492015,,TGATAAGCTA
11,4,3,2,2,1,2,1,0,0,1,0,2,0,1,1,0,0,0,0,1,0.843498254,,CTGATAAGCTA
12,4,4,2,2,1,2,1,0,0,1,0,2,0,1,1,0,0,0,1,1,0.654234357,,TCTGATAAGCTA
13,4,4,2,3,1,2,1,0,0,1,1,2,0,1,1,0,0,0,1,1,0.681820754,,GTCTGATAAGCTA
14,5,4,2,3,1,2,1,0,0,1,1,2,0,2,1,0,0,0,1,1,0.61637899,,AGTCTGATAAGCTA
15,5,4,3,3,1,2,1,1,0,1,1,2,0,2,1,0,0,0,1,1,0.742726438,,CAGTCTGATAAGCTA
16,5,5,3,3,1,2,1,1,0,1,1,2,0,2,1,0,0,0,2,1,0.536495599,,TCAGTCTGATAAGCTA
17,6,5,3,3,1,2,1,1,0,2,1,2,0,2,1,0,0,0,2,1,0.522805341,,ATCAGTCTGATAAGCTA
1,1,0,0,0,0,0,0,0,0,0,0,0,0,0,0,0,0,0,0,0,0.918873797,,A
2,1,1,0,0,0,1,0,0,0,0,0,0,0,0,0,0,0,0,0,0,0.998176285,,TA
3,1,1,1,0,0,1,0,0,0,0,0,1,0,0,0,0,0,0,0,0,1.001188557,,CTA
4,1,1,1,1,0,1,0,0,0,0,0,1,0,0,0,0,0,0,0,1,0.925336387,,GCTA
5,2,1,1,1,0,1,0,0,0,0,0,1,0,1,0,0,0,0,0,1,0.837218968,,AGCTA
6,3,1,1,1,1,1,0,0,0,0,0,1,0,1,0,0,0,0,0,1,0.798964908,,AAGCTA
7,3,2,1,1,1,2,0,0,0,0,0,1,0,1,0,0,0,0,0,1,0.824515043,,TAAGCTA
8,4,2,1,1,1,2,0,0,0,1,0,1,0,1,0,0,0,0,0,1,0.744000886,,ATAAGCTA
9,4,2,1,2,1,2,1,0,0,1,0,1,0,1,0,0,0,0,0,1,0.813706654,,GATAAGCTA
10,4,3,1,2,1,2,1,0,0,1,0,1,0,1,1,0,0,0,0,1,0.755069142,,TGATAAGCTA
11,4,3,2,2,1,2,1,0,0,1,0,2,0,1,1,0,0,0,0,1,0.798258025,,CTGATAAGCTA
12,4,4,2,2,1,2,1,0,0,1,0,2,0,1,1,0,0,0,1,1,0.709174437,,TCTGATAAGCTA
13,4,4,2,3,1,2,1,0,0,1,1,2,0,1,1,0,0,0,1,1,0.702935064,,GTCTGATAAGCTA
14,5,4,2,3,1,2,1,0,0,1,1,2,0,2,1,0,0,0,1,1,0.643452039,,AGTCTGATAAGCTA
15,5,4,3,3,1,2,1,1,0,1,1,2,0,2,1,0,0,0,1,1,0.703290719,,CAGTCTGATAAGCTA
16,5,5,3,3,1,2,1,1,0,1,1,2,0,2,1,0,0,0,2,1,0.593614279,,TCAGTCTGATAAGCTA
17,6,5,3,3,1,2,1,1,0,2,1,2,0,2,1,0,0,0,2,1,0.563448763,,ATCAGTCTGATAAGCTA
1,1,0,0,0,0,0,0,0,0,0,0,0,0,0,0,0,0,0,0,0,0.92554666,,A
2,1,1,0,0,0,1,0,0,0,0,0,0,0,0,0,0,0,0,0,0,1.009750161,,TA
3,1,1,1,0,0,1,0,0,0,0,0,1,0,0,0,0,0,0,0,0,0.988461993,,CTA
4,1,1,1,1,0,1,0,0,0,0,0,1,0,0,0,0,0,0,0,1,0.904306376,,GCTA
5,2,1,1,1,0,1,0,0,0,0,0,1,0,1,0,0,0,0,0,1,0.843138719,,AGCTA
6,3,1,1,1,1,1,0,0,0,0,0,1,0,1,0,0,0,0,0,1,0.810614825,,AAGCTA
7,3,2,1,1,1,2,0,0,0,0,0,1,0,1,0,0,0,0,0,1,0.845851336,,TAAGCTA
8,4,2,1,1,1,2,0,0,0,1,0,1,0,1,0,0,0,0,0,1,0.765255385,,ATAAGCTA
9,4,2,1,2,1,2,1,0,0,1,0,1,0,1,0,0,0,0,0,1,0.81907164,,GATAAGCTA
10,4,3,1,2,1,2,1,0,0,1,0,1,0,1,1,0,0,0,0,1,0.757270997,,TGATAAGCTA
11,4,3,2,2,1,2,1,0,0,1,0,2,0,1,1,0,0,0,0,1,0.738391034,,CTGATAAGCTA
12,4,4,2,2,1,2,1,0,0,1,0,2,0,1,1,0,0,0,1,1,0.640058233,,TCTGATAAGCTA
13,4,4,2,3,1,2,1,0,0,1,1,2,0,1,1,0,0,0,1,1,0.719341523,,GTCTGATAAGCTA
14,5,4,2,3,1,2,1,0,0,1,1,2,0,2,1,0,0,0,1,1,0.592570791,,AGTCTGATAAGCTA
15,5,4,3,3,1,2,1,1,0,1,1,2,0,2,1,0,0,0,1,1,0.671419278,,CAGTCTGATAAGCTA
16,5,5,3,3,1,2,1,1,0,1,1,2,0,2,1,0,0,0,2,1,0.52329896,,TCAGTCTGATAAGCTA
17,6,5,3,3,1,2,1,1,0,2,1,2,0,2,1,0,0,0,2,1,0.534022447,,ATCAGTCTGATAAGCTA
1,1,0,0,0,0,0,0,0,0,0,0,0,0,0,0,0,0,0,0,0,0.955373056,,A
2,1,1,0,0,0,1,0,0,0,0,0,0,0,0,0,0,0,0,0,0,1.018635545,,TA
3,1,1,1,0,0,1,0,0,0,0,0,1,0,0,0,0,0,0,0,0,0.991052825,,CTA
4,1,1,1,1,0,1,0,0,0,0,0,1,0,0,0,0,0,0,0,1,0.960541413,,GCTA
5,2,1,1,1,0,1,0,0,0,0,0,1,0,1,0,0,0,0,0,1,0.871746002,,AGCTA
6,3,1,1,1,1,1,0,0,0,0,0,1,0,1,0,0,0,0,0,1,0.8321305,,AAGCTA
7,3,2,1,1,1,2,0,0,0,0,0,1,0,1,0,0,0,0,0,1,0.828070645,,TAAGCTA
8,4,2,1,1,1,2,0,0,0,1,0,1,0,1,0,0,0,0,0,1,0.777749174,,ATAAGCTA
9,4,2,1,2,1,2,1,0,0,1,0,1,0,1,0,0,0,0,0,1,0.783392251,,GATAAGCTA
10,4,3,1,2,1,2,1,0,0,1,0,1,0,1,1,0,0,0,0,1,0.739714086,,TGATAAGCTA
11,4,3,2,2,1,2,1,0,0,1,0,2,0,1,1,0,0,0,0,1,0.752148558,,CTGATAAGCTA
12,4,4,2,2,1,2,1,0,0,1,0,2,0,1,1,0,0,0,1,1,0.725323284,,TCTGATAAGCTA
13,4,4,2,3,1,2,1,0,0,1,1,2,0,1,1,0,0,0,1,1,0.730809092,,GTCTGATAAGCTA
14,5,4,2,3,1,2,1,0,0,1,1,2,0,2,1,0,0,0,1,1,0.626301914,,AGTCTGATAAGCTA
15,5,4,3,3,1,2,1,1,0,1,1,2,0,2,1,0,0,0,1,1,0.678955094,,CAGTCTGATAAGCTA
16,5,5,3,3,1,2,1,1,0,1,1,2,0,2,1,0,0,0,2,1,0.586492994,,TCAGTCTGATAAGCTA
17,6,5,3,3,1,2,1,1,0,2,1,2,0,2,1,0,0,0,2,1,0.558371232,,ATCAGTCTGATAAGCTA
1,1,0,0,0,0,0,0,0,0,0,0,0,0,0,0,0,0,0,0,0,0.975989601,,A
2,1,1,0,0,0,1,0,0,0,0,0,0,0,0,0,0,0,0,0,0,0.991250264,,TA
3,1,1,1,0,0,1,0,0,0,0,0,1,0,0,0,0,0,0,0,0,0.957844304,,CTA
4,1,1,1,1,0,1,0,0,0,0,0,1,0,0,0,0,0,0,0,1,0.952436082,,GCTA
5,2,1,1,1,0,1,0,0,0,0,0,1,0,1,0,0,0,0,0,1,0.855443121,,AGCTA
6,3,1,1,1,1,1,0,0,0,0,0,1,0,1,0,0,0,0,0,1,0.806280093,,AAGCTA
7,3,2,1,1,1,2,0,0,0,0,0,1,0,1,0,0,0,0,0,1,0.814513307,,TAAGCTA
8,4,2,1,1,1,2,0,0,0,1,0,1,0,1,0,0,0,0,0,1,0.751169035,,ATAAGCTA
9,4,2,1,2,1,2,1,0,0,1,0,1,0,1,0,0,0,0,0,1,0.801564509,,GATAAGCTA
10,4,3,1,2,1,2,1,0,0,1,0,1,0,1,1,0,0,0,0,1,0.728907274,,TGATAAGCTA
11,4,3,2,2,1,2,1,0,0,1,0,2,0,1,1,0,0,0,0,1,0.757993054,,CTGATAAGCTA
12,4,4,2,2,1,2,1,0,0,1,0,2,0,1,1,0,0,0,1,1,0.696228778,,TCTGATAAGCTA
13,4,4,2,3,1,2,1,0,0,1,1,2,0,1,1,0,0,0,1,1,0.724297199,,GTCTGATAAGCTA
14,5,4,2,3,1,2,1,0,0,1,1,2,0,2,1,0,0,0,1,1,0.628526661,,AGTCTGATAAGCTA
15,5,4,3,3,1,2,1,1,0,1,1,2,0,2,1,0,0,0,1,1,0.686539872,,CAGTCTGATAAGCTA
16,5,5,3,3,1,2,1,1,0,1,1,2,0,2,1,0,0,0,2,1,0.590849064,,TCAGTCTGATAAGCTA
17,6,5,3,3,1,2,1,1,0,2,1,2,0,2,1,0,0,0,2,1,0.575525687,,ATCAGTCTGATAAGCTA
1,1,0,0,0,0,0,0,0,0,0,0,0,0,0,0,0,0,0,0,0,0.943527755,,A
2,1,1,0,0,0,1,0,0,0,0,0,0,0,0,0,0,0,0,0,0,1.004390601,,TA
3,1,1,1,0,0,1,0,0,0,0,0,1,0,0,0,0,0,0,0,0,0.994269816,,CTA
4,1,1,1,1,0,1,0,0,0,0,0,1,0,0,0,0,0,0,0,1,0.976797206,,GCTA
5,2,1,1,1,0,1,0,0,0,0,0,1,0,1,0,0,0,0,0,1,0.87192269,,AGCTA
6,3,1,1,1,1,1,0,0,0,0,0,1,0,1,0,0,0,0,0,1,0.838106598,,AAGCTA
7,3,2,1,1,1,2,0,0,0,0,0,1,0,1,0,0,0,0,0,1,0.885756443,,TAAGCTA
8,4,2,1,1,1,2,0,0,0,1,0,1,0,1,0,0,0,0,0,1,0.773455424,,ATAAGCTA
9,4,2,1,2,1,2,1,0,0,1,0,1,0,1,0,0,0,0,0,1,0.836891362,,GATAAGCTA
10,4,3,1,2,1,2,1,0,0,1,0,1,0,1,1,0,0,0,0,1,0.794835914,,TGATAAGCTA
11,4,3,2,2,1,2,1,0,0,1,0,2,0,1,1,0,0,0,0,1,0.834296272,,CTGATAAGCTA
12,4,4,2,2,1,2,1,0,0,1,0,2,0,1,1,0,0,0,1,1,0.7453006,,TCTGATAAGCTA
13,4,4,2,3,1,2,1,0,0,1,1,2,0,1,1,0,0,0,1,1,0.780252964,,GTCTGATAAGCTA
14,5,4,2,3,1,2,1,0,0,1,1,2,0,2,1,0,0,0,1,1,0.658395945,,AGTCTGATAAGCTA
15,5,4,3,3,1,2,1,1,0,1,1,2,0,2,1,0,0,0,1,1,0.742884201,,CAGTCTGATAAGCTA
16,5,5,3,3,1,2,1,1,0,1,1,2,0,2,1,0,0,0,2,1,0.61549777,,TCAGTCTGATAAGCTA
17,6,5,3,3,1,2,1,1,0,2,1,2,0,2,1,0,0,0,2,1,0.599619952,,ATCAGTCTGATAAGCTA
1,1,0,0,0,0,0,0,0,0,0,0,0,0,0,0,0,0,0,0,0,1.009237019,,A
2,1,1,0,0,0,1,0,0,0,0,0,0,0,0,0,0,0,0,0,0,1.069471948,,TA
3,1,1,1,0,0,1,0,0,0,0,0,1,0,0,0,0,0,0,0,0,1.048657929,,CTA
4,1,1,1,1,0,1,0,0,0,0,0,1,0,0,0,0,0,0,0,1,0.982711136,,GCTA
5,2,1,1,1,0,1,0,0,0,0,0,1,0,1,0,0,0,0,0,1,0.917121649,,AGCTA
6,3,1,1,1,1,1,0,0,0,0,0,1,0,1,0,0,0,0,0,1,0.883048334,,AAGCTA
7,3,2,1,1,1,2,0,0,0,0,0,1,0,1,0,0,0,0,0,1,0.927555097,,TAAGCTA
8,4,2,1,1,1,2,0,0,0,1,0,1,0,1,0,0,0,0,0,1,0.844482027,,ATAAGCTA
9,4,2,1,2,1,2,1,0,0,1,0,1,0,1,0,0,0,0,0,1,0.849390851,,GATAAGCTA
10,4,3,1,2,1,2,1,0,0,1,0,1,0,1,1,0,0,0,0,1,0.837197626,,TGATAAGCTA
11,4,3,2,2,1,2,1,0,0,1,0,2,0,1,1,0,0,0,0,1,0.847199201,,CTGATAAGCTA
12,4,4,2,2,1,2,1,0,0,1,0,2,0,1,1,0,0,0,1,1,0.797884787,,TCTGATAAGCTA
13,4,4,2,3,1,2,1,0,0,1,1,2,0,1,1,0,0,0,1,1,0.787517525,,GTCTGATAAGCTA
14,5,4,2,3,1,2,1,0,0,1,1,2,0,2,1,0,0,0,1,1,0.70980815,,AGTCTGATAAGCTA
15,5,4,3,3,1,2,1,1,0,1,1,2,0,2,1,0,0,0,1,1,0.763827375,,CAGTCTGATAAGCTA
16,5,5,3,3,1,2,1,1,0,1,1,2,0,2,1,0,0,0,2,1,0.665231665,,TCAGTCTGATAAGCTA
17,6,5,3,3,1,2,1,1,0,2,1,2,0,2,1,0,0,0,2,1,0.646255109,,ATCAGTCTGATAAGCTA
1,1,0,0,0,0,0,0,0,0,0,0,0,0,0,0,0,0,0,0,0,0.920205534,,A
2,1,1,0,0,0,1,0,0,0,0,0,0,0,0,0,0,0,0,0,0,0.928576291,,TA
3,1,1,1,0,0,1,0,0,0,0,0,1,0,0,0,0,0,0,0,0,0.988177011,,CTA
4,1,1,1,1,0,1,0,0,0,0,0,1,0,0,0,0,0,0,0,1,0.854614938,,GCTA
5,2,1,1,1,0,1,0,0,0,0,0,1,0,1,0,0,0,0,0,1,0.811169393,,AGCTA
6,3,1,1,1,1,1,0,0,0,0,0,1,0,1,0,0,0,0,0,1,0.768029857,,AAGCTA
7,3,2,1,1,1,2,0,0,0,0,0,1,0,1,0,0,0,0,0,1,0.778124008,,TAAGCTA
8,4,2,1,1,1,2,0,0,0,1,0,1,0,1,0,0,0,0,0,1,0.722628666,,ATAAGCTA
9,4,2,1,2,1,2,1,0,0,1,0,1,0,1,0,0,0,0,0,1,0.774399774,,GATAAGCTA
10,4,3,1,2,1,2,1,0,0,1,0,1,0,1,1,0,0,0,0,1,0.740628605,,TGATAAGCTA
11,4,3,2,2,1,2,1,0,0,1,0,2,0,1,1,0,0,0,0,1,0.766698744,,CTGATAAGCTA
12,4,4,2,2,1,2,1,0,0,1,0,2,0,1,1,0,0,0,1,1,0.717510193,,TCTGATAAGCTA
13,4,4,2,3,1,2,1,0,0,1,1,2,0,1,1,0,0,0,1,1,0.737111231,,GTCTGATAAGCTA
14,5,4,2,3,1,2,1,0,0,1,1,2,0,2,1,0,0,0,1,1,0.666680328,,AGTCTGATAAGCTA
15,5,4,3,3,1,2,1,1,0,1,1,2,0,2,1,0,0,0,1,1,0.714152021,,CAGTCTGATAAGCTA
16,5,5,3,3,1,2,1,1,0,1,1,2,0,2,1,0,0,0,2,1,0.656323173,,TCAGTCTGATAAGCTA
17,6,5,3,3,1,2,1,1,0,2,1,2,0,2,1,0,0,0,2,1,0.621493645,,ATCAGTCTGATAAGCTA
1,1,0,0,0,0,0,0,0,0,0,0,0,0,0,0,0,0,0,0,0,0.950578949,,A
2,1,1,0,0,0,1,0,0,0,0,0,0,0,0,0,0,0,0,0,0,1.007501399,,TA
3,1,1,1,0,0,1,0,0,0,0,0,1,0,0,0,0,0,0,0,0,0.969936987,,CTA
4,1,1,1,1,0,1,0,0,0,0,0,1,0,0,0,0,0,0,0,1,0.877904364,,GCTA
5,2,1,1,1,0,1,0,0,0,0,0,1,0,1,0,0,0,0,0,1,0.799774704,,AGCTA
6,3,1,1,1,1,1,0,0,0,0,0,1,0,1,0,0,0,0,0,1,0.779042169,,AAGCTA
7,3,2,1,1,1,2,0,0,0,0,0,1,0,1,0,0,0,0,0,1,0.76235555,,TAAGCTA
8,4,2,1,1,1,2,0,0,0,1,0,1,0,1,0,0,0,0,0,1,0.701919855,,ATAAGCTA
9,4,2,1,2,1,2,1,0,0,1,0,1,0,1,0,0,0,0,0,1,0.740105666,,GATAAGCTA
10,4,3,1,2,1,2,1,0,0,1,0,1,0,1,1,0,0,0,0,1,0.674211658,,TGATAAGCTA
11,4,3,2,2,1,2,1,0,0,1,0,2,0,1,1,0,0,0,0,1,0.725680071,,CTGATAAGCTA
12,4,4,2,2,1,2,1,0,0,1,0,2,0,1,1,0,0,0,1,1,0.655068738,,TCTGATAAGCTA
13,4,4,2,3,1,2,1,0,0,1,1,2,0,1,1,0,0,0,1,1,0.699647906,,GTCTGATAAGCTA
14,5,4,2,3,1,2,1,0,0,1,1,2,0,2,1,0,0,0,1,1,0.602878578,,AGTCTGATAAGCTA
15,5,4,3,3,1,2,1,1,0,1,1,2,0,2,1,0,0,0,1,1,0.629533884,,CAGTCTGATAAGCTA
16,5,5,3,3,1,2,1,1,0,1,1,2,0,2,1,0,0,0,2,1,0.564663669,,TCAGTCTGATAAGCTA
17,6,5,3,3,1,2,1,1,0,2,1,2,0,2,1,0,0,0,2,1,0.573392611,,ATCAGTCTGATAAGCTA
1,1,0,0,0,0,0,0,0,0,0,0,0,0,0,0,0,0,0,0,0,0.86007998,,A
2,1,1,0,0,0,1,0,0,0,0,0,0,0,0,0,0,0,0,0,0,0.906766552,,TA
3,1,1,1,0,0,1,0,0,0,0,0,1,0,0,0,0,0,0,0,0,0.875376956,,CTA
4,1,1,1,1,0,1,0,0,0,0,0,1,0,0,0,0,0,0,0,1,0.818483726,,GCTA
5,2,1,1,1,0,1,0,0,0,0,0,1,0,1,0,0,0,0,0,1,0.768209844,,AGCTA
6,3,1,1,1,1,1,0,0,0,0,0,1,0,1,0,0,0,0,0,1,0.71901101,,AAGCTA
7,3,2,1,1,1,2,0,0,0,0,0,1,0,1,0,0,0,0,0,1,0.754389019,,TAAGCTA
8,4,2,1,1,1,2,0,0,0,1,0,1,0,1,0,0,0,0,0,1,0.691455821,,ATAAGCTA
9,4,2,1,2,1,2,1,0,0,1,0,1,0,1,0,0,0,0,0,1,0.716003457,,GATAAGCTA
10,4,3,1,2,1,2,1,0,0,1,0,1,0,1,1,0,0,0,0,1,0.704891844,,TGATAAGCTA
11,4,3,2,2,1,2,1,0,0,1,0,2,0,1,1,0,0,0,0,1,0.668579037,,CTGATAAGCTA
12,4,4,2,2,1,2,1,0,0,1,0,2,0,1,1,0,0,0,1,1,0.65207476,,TCTGATAAGCTA
13,4,4,2,3,1,2,1,0,0,1,1,2,0,1,1,0,0,0,1,1,0.655557299,,GTCTGATAAGCTA
14,5,4,2,3,1,2,1,0,0,1,1,2,0,2,1,0,0,0,1,1,0.576226851,,AGTCTGATAAGCTA
15,5,4,3,3,1,2,1,1,0,1,1,2,0,2,1,0,0,0,1,1,0.604670703,,CAGTCTGATAAGCTA
16,5,5,3,3,1,2,1,1,0,1,1,2,0,2,1,0,0,0,2,1,0.54857118,,TCAGTCTGATAAGCTA
17,6,5,3,3,1,2,1,1,0,2,1,2,0,2,1,0,0,0,2,1,0.50992185,,ATCAGTCTGATAAGCTA
1,1,0,0,0,0,0,0,0,0,0,0,0,0,0,0,0,0,0,0,0,0.874043875,,A
2,1,1,0,0,0,1,0,0,0,0,0,0,0,0,0,0,0,0,0,0,0.976128874,,TA
3,1,1,1,0,0,1,0,0,0,0,0,1,0,0,0,0,0,0,0,0,0.906682709,,CTA
4,1,1,1,1,0,1,0,0,0,0,0,1,0,0,0,0,0,0,0,1,0.833971458,,GCTA
5,2,1,1,1,0,1,0,0,0,0,0,1,0,1,0,0,0,0,0,1,0.764464791,,AGCTA
6,3,1,1,1,1,1,0,0,0,0,0,1,0,1,0,0,0,0,0,1,0.722991302,,AAGCTA
7,3,2,1,1,1,2,0,0,0,0,0,1,0,1,0,0,0,0,0,1,0.768128781,,TAAGCTA
8,4,2,1,1,1,2,0,0,0,1,0,1,0,1,0,0,0,0,0,1,0.701275131,,ATAAGCTA
9,4,2,1,2,1,2,1,0,0,1,0,1,0,1,0,0,0,0,0,1,0.712625257,,GATAAGCTA
10,4,3,1,2,1,2,1,0,0,1,0,1,0,1,1,0,0,0,0,1,0.688624275,,TGATAAGCTA
11,4,3,2,2,1,2,1,0,0,1,0,2,0,1,1,0,0,0,0,1,0.691210144,,CTGATAAGCTA
12,4,4,2,2,1,2,1,0,0,1,0,2,0,1,1,0,0,0,1,1,0.647147875,,TCTGATAAGCTA
13,4,4,2,3,1,2,1,0,0,1,1,2,0,1,1,0,0,0,1,1,0.667505183,,GTCTGATAAGCTA
14,5,4,2,3,1,2,1,0,0,1,1,2,0,2,1,0,0,0,1,1,0.579308647,,AGTCTGATAAGCTA
15,5,4,3,3,1,2,1,1,0,1,1,2,0,2,1,0,0,0,1,1,0.648937436,,CAGTCTGATAAGCTA
16,5,5,3,3,1,2,1,1,0,1,1,2,0,2,1,0,0,0,2,1,0.57821027,,TCAGTCTGATAAGCTA
17,6,5,3,3,1,2,1,1,0,2,1,2,0,2,1,0,0,0,2,1,0.475475018,,ATCAGTCTGATAAGCTA